,Biomass 01,Biomass 02,Biomass 03,Biomass 04,Biomass 05,Biomass 06,Biomass 07,Biomass 08,Biomass 09,Biomass 10,Biomass 11,Biomass 12,Biomass 13,Biomass 14,Biomass 15,Biomass 16,Biomass 17,Biomass 18,Biomass 19,Biomass 20,Biomass 21,Biomass 22,Biomass 23,Biomass 24,Biomass 25,Biomass 26,Biomass 27,Biomass 28,Biomass 29,Biomass 30,Biomass 31,Biomass 32,Biomass 33,Biomass 34,Biomass 35,Biomass 36,Biomass 37,Biomass 38,Biomass 39,Biomass 40,Biomass 41,Biomass 42,Biomass 43,Biomass 44,Biomass 45,Biomass 46,Biomass 47,Biomass 48,Biomass 49,Biomass 50,Biomass 51,Biomass 52,Biomass 53,Biomass 54,Biomass 55,Biomass 56,Biomass 57,Biomass 58,Biomass 59,Biomass 60,Biomass 61,Biomass 62,CC NG 01,CC NG 03,CC NG 04,CC NG 05,CC NG 06,CC NG 07,CC NG 08,CC NG 09,CC NG 10,CC NG 11,CC NG 12,CC NG 13,CC NG 14,CC NG 15,CC NG 16,CC NG 17,CC NG 18,CC NG 19,CC NG 20,CC NG 21,CC NG 22,CC NG 23,CC NG 24,CC NG 25,CC NG 26,CC NG 27,CC NG 28,CC NG 29,CC NG 31,CC NG 32,CC NG 33,CC NG 34,CC NG 35,CC NG 36,CC NG 37,CC NG 38,CC NG 39,CC NG 40,CT NG 01,CT NG 02,CT NG 03,CT NG 04,CT NG 05,CT NG 06,CT NG 07,CT NG 08,CT NG 09,CT NG 10,CT NG 11,CT NG 12,CT NG 13,CT NG 14,CT NG 15,CT NG 16,CT NG 17,CT NG 18,CT NG 19,CT NG 20,CT NG 21,CT NG 22,CT NG 23,CT NG 24,CT NG 25,CT NG 26,CT NG 27,CT NG 28,CT NG 29,CT NG 30,CT NG 31,CT NG 32,CT NG 33,CT NG 34,CT NG 35,CT NG 36,CT NG 37,CT NG 38,CT NG 39,CT NG 40,CT NG 41,CT NG 42,CT NG 43,CT NG 44,CT NG 45,CT NG 46,CT NG 47,CT NG 48,CT NG 49,CT NG 50,CT NG 51,CT NG 52,CT NG 53,CT NG 54,CT NG 55,CT NG 56,CT NG 66,CT NG 67,CT NG 68,CT NG 69,CT NG 70,CT NG 71,CT NG 72,CT NG 73,CT NG 74,CT NG 75,CT Oil 01,CT Oil 02,CT Oil 03,CT Oil 04,CT Oil 05,Geo 01,Hydro 01,Hydro 02,Hydro 03,Hydro 04,Hydro 05,Hydro 06,Hydro 07,Hydro 08,Hydro 09,Hydro 10,Hydro 11,Hydro 12,Hydro 13,Hydro 14,Hydro 15,Hydro 16,Hydro 17,Hydro 18,Hydro 19,Hydro 20,Hydro 21,Hydro 22,Hydro 23,Hydro 24,Hydro 25,Hydro 26,Hydro 27,Hydro 28,Hydro 29,Hydro 30,Hydro 32,Hydro 33,Hydro 34,Hydro 35,Hydro 36,Hydro 37,Hydro 38,Hydro 39,Hydro 40,Hydro 41,Hydro 42,Hydro 43,ICE NG 01,ICE NG 02,ICE NG 03,ICE NG 04,ICE NG 05,ICE NG 06,ICE NG 07,ST Coal 01,ST NG 01,ST NG 02,ST NG 03,ST NG 04,ST NG 05,ST NG 06,ST NG 07,ST NG 08,ST NG 09,ST NG 10,ST Other 01,ST Other 02,Solar 01,Solar 02,Solar 03,Solar 04,Solar 05,Solar 06,Solar 07,Solar 08,Solar 09,Solar 10,Solar 11,Solar 12,Solar 13,Solar 14,Solar 15,Solar 16,Solar 17,Solar 18,Solar 19,Solar 20,Solar 21,Solar 22,Solar 23,Solar 24,Solar 25,Solar 26,Solar 27,Solar 28,Solar 29,Solar 30,Solar 31,Solar 32,Solar 33,Solar 34,Solar 35,Solar 36,Solar 37,Solar 38,Solar 39,Solar 40,Solar 41,Solar 42,Solar 43,Solar 44,Solar 45,Solar 46,Solar 47,Solar 48,Solar 49,Solar 50,Solar 51,Solar 52,Solar 53,Solar 54,Solar 55,Solar 56,Solar 57,Solar 58,Solar 59,Solar 60,Solar 61,Solar 62,Solar 63,Solar 64,Solar 65,Solar 66,Solar 67,Solar 68,Solar 69,Solar 70,Solar 71,Solar 72,Solar 73,Solar 74,Solar 75,Wind 01,Wind 02,Wind 03,Wind 04,Wind 05,Wind 06,Wind 07,Wind 08,Wind 09,Wind 10,Wind 11,Wind 12,Wind 13,Wind 14,Wind 15,Wind 16,Wind 17
0,1.05,1.05,0,0,0.45006,0.45006,2.0001,0.78003,0.78003,0.78003,0.379992,0.379992,0.379992,0.83995,0.200005,0.200005,0.200005,0.200005,0.36999,0,0.36999,0.36999,0.45,0.45,0,1.69005,1.69005,0,1.69005,1.69005,1.69005,1.20004,1.6,1.6,1.6,1.6,0.80997,0.80997,0.80997,0.80997,0.90992,0.90992,2.85,1.160114,1.160114,0.60996,2.3499,2.3499,0,0,0,1.7199,2.49,2.49,2.49,2.54978,2.0301,2.0301,4.6,3,0,0,0,0,306.048,0,0,0,0,0,0,0,0,0,0,0,943.5,0,543.0444622,140,0,0,677.8,636,623.82717,0,655,0,0,0,321.99685,0,0,681.2554763,570.01,651.968,636,77.49386267,0,751.1,0,0,0,0,0,0,0,0,0,0,0,0,0,0,0,0,6.9,2.99988,2.99988,0,0,0,0,0,0,0,0,0,0,0,0,0,0,104.3,104.3,104.3,0,0,0,3.1,0,0,0,0,0,0,0,0,0,0,0,0,0,0,0,0,0,0,0,0,0,0,0,0,0,0,0,0,0,0,0,16.0006,0,0,0,0,0,0,0,0,0,0,0,0,0,0,0,0.17696,0.29862,1.02858,2.9425,0.79587,0.79587,0.79587,0,0,8.6268,8.6268,8.6268,0,0,0.02212,0.106176,6.00666,6.00666,0.053088,0.51,2.23,0,0,1.9435,2.425893,2.425893,4.1067,0,8.20008,8.20008,8.20008,8.20008,8.20008,8.20008,15.94,221.6533333,165.0289442,492.8539947,0,0,0,8.799714,0,0,0,0.01012,0,3,0,0,0,0,0,0,0,0,0,0,0,0,0,0,0,0,0,0,0,0,0,0,0,0,0,0,0,0,0,0,0,0,0,0,0,0,0,0,0,0,0,0,0,0,0,0,0,0,0,0,0,0,0,0,0,0,0,0,0,0,0,0,0,0,0,0,0,0,0,0,0,0,0,0,2.645988728,14.75189907,2.015322516,0.513508961,0.809196755,3.284976188,4.741794005,12.5458391,11.67823629,11.75139681,6.068488563,12.98932876,6.098760101,8.043065785,7.507036751,2.04996112,10.19038916
1,1.05,1.05,0,0,0.45006,0.45006,2.0001,0.78003,0.78003,0.78003,0.379992,0.379992,0.379992,0.83995,0,0,0,0,0.36999,0,0.36999,0.36999,0.45,0.45,0,1.69005,1.69005,0,1.69005,1.69005,1.69005,1.20004,1.6,1.6,1.6,1.6,0.80997,0.80997,0.80997,0.80997,0.90992,0.90992,2.85,1.160114,1.160114,0.60996,2.3499,2.3499,0,0,0,1.7199,2.49,2.49,2.49,2.54978,2.0301,2.0301,4.6,3,0,0,0,0,0,0,0,0,0,0,0,0,0,0,0,0,943.5,0,543.0444622,140,0,0,677.8,636,623.82717,0,655,0,0,0,321.99685,0,0,688.3,570.01,651.968,636,77.49386267,0,751.1,0,0,0,0,0,0,0,0,0,0,0,0,0,0,0,0,6.9,0,0,0,0,0,0,0,0,0,0,0,0,0,0,0,0,0,0,0,0,0,0,3.1,0,0,0,0,0,0,0,0,0,0,0,0,0,0,0,0,0,0,0,0,0,0,0,0,0,0,0,0,0,0,0,16.0006,0,0,0,0,0,0,0,0,0,0,0,0,0,0,0,0.17064,0.287955,0.991845,2.8655,13.73772,13.73772,13.73772,0,0,8.3187,8.3187,8.3187,0,0,0.02133,0.102384,3.64998,3.64998,0.051192,0.51,2.23,0,0,0.60835,2.566562,2.566562,1.28547,0,8.20008,8.20008,8.20008,8.20008,8.20008,8.20008,15.94,207.8990926,0,492.8539947,0,0,0,8.799714,0,0,0,0.01012,0,0,0,0,0,0,0,0,0,0,0,0,0,0,0,0,0,0,0,0,0,0,0,0,0,0,0,0,0,0,0,0,0,0,0,0,0,0,0,0,0,0,0,0,0,0,0,0,0,0,0,0,0,0,0,0,0,0,0,0,0,0,0,0,0,0,0,0,0,0,0,0,0,0,0,0,3.070377608,16.37587441,2.387617402,0.667967391,0.857597619,3.672337563,5.348014691,13.29775989,12.39168052,12.47288644,6.63033584,14.52001772,6.581133812,8.106354113,7.464430474,1.633332833,9.600992054
2,0,0,0,0,0,0,2.0001,0.78003,0.78003,0.78003,0.379992,0.379992,0.379992,0.83995,0,0,0,0,0.36999,0,0.36999,0.36999,0.45,0.45,0,1.69005,1.69005,0,1.69005,1.69005,1.69005,1.20004,1.6,1.6,1.6,1.6,0.80997,0.80997,0.80997,0.80997,0.90992,0.90992,2.85,1.160114,1.160114,0.60996,2.3499,2.3499,0,0,0,1.7199,2.49,2.49,2.49,2.54978,2.0301,2.0301,4.6,3,0,0,0,0,0,0,0,0,0,0,0,0,0,0,0,0,943.5,0,543.0444622,140,0,0,677.8,636,623.82717,0,655,0,0,0,321.99685,0,0,612.1754482,560.6402022,651.968,636,0,0,751.1,0,0,0,0,0,0,0,0,0,0,0,0,0,0,0,0,0,0,0,0,0,0,0,0,0,0,0,0,0,0,0,0,0,0,0,0,0,0,0,0,0,0,0,0,0,0,0,0,0,0,0,0,0,0,0,0,0,0,0,0,0,0,0,0,0,0,0,0,0,0,0,16.0006,0,0,0,0,0,0,0,0,0,0,0,0,0,0,0,0.17136,0.28917,0.99603,0.3025,7.60737,7.60737,7.60737,0,0,8.3538,8.3538,8.3538,0,0,0.02142,0.102816,3.86074,3.86074,0.051408,0.51,2.23,0,0,0.0897,2.589,2.589,0.18954,0,0,0,0,0,0,0,15.94,51.85830791,0,419.8053262,0,0,0,0,0,0,0,0.01012,0,0,0,0,0,0,0,0,0,0,0,0,0,0,0,0,0,0,0,0,0,0,0,0,0,0,0,0,0,0,0,0,0,0,0,0,0,0,0,0,0,0,0,0,0,0,0,0,0,0,0,0,0,0,0,0,0,0,0,0,0,0,0,0,0,0,0,0,0,0,0,0,0,0,0,0,3.424320865,17.95530171,2.693466072,0.801685219,0.896413392,3.898292585,5.884454472,13.90141325,12.96447629,13.06153498,7.166987425,15.38446565,6.916247777,8.200038908,7.425495707,1.492998945,9.016957673
3,0,0,0,0,0,0,2.0001,0.78003,0.78003,0.78003,0.379992,0.379992,0.379992,0.83995,0,0,0,0,0.36999,0,0.36999,0.36999,0.45,0.45,0,1.69005,1.69005,0,1.69005,1.69005,1.69005,1.20004,1.6,1.6,1.6,1.6,0.80997,0.80997,0.80997,0.80997,0.90992,0.90992,2.85,1.160114,1.160114,0.60996,2.3499,2.3499,0,0,0,1.7199,2.49,2.49,2.49,2.54978,2.0301,2.0301,4.6,3,0,0,0,0,0,0,0,0,0,0,0,0,0,0,0,0,943.5,0,505.0666933,140,0,0,677.8,636,623.82717,0,655,0,0,0,321.99685,0,0,610.4733333,560.6402022,651.968,636,0,0,751.1,0,0,0,0,0,0,0,0,0,0,0,0,0,0,0,0,0,0,0,0,0,0,0,0,0,0,0,0,0,0,0,0,0,0,0,0,0,0,0,0,0,0,0,0,0,0,0,0,0,0,0,0,0,0,0,0,0,0,0,0,0,0,0,0,0,0,0,0,0,0,0,16.0006,0,0,0,0,0,0,0,0,0,0,0,0,0,0,0,0.1728,0.2916,1.0044,0.3025,7.4568,7.4568,7.4568,0,0,8.424,8.424,8.424,0,0,0.0216,0.10368,3.96612,3.96612,0.05184,0.51,2.23,0,0,0.10695,2.609712,2.609712,0.22599,0,0,0,0,0,0,0,15.94,24.96,0,215.9081958,0,0,0,0,0,0,0,0.01012,0,0,0,0,0,0,0,0,0,0,0,0,0,0,0,0,0,0,0,0,0,0,0,0,0,0,0,0,0,0,0,0,0,0,0,0,0,0,0,0,0,0,0,0,0,0,0,0,0,0,0,0,0,0,0,0,0,0,0,0,0,0,0,0,0,0,0,0,0,0,0,0,0,0,0,0,3.62302764,19.38327304,2.984024566,0.940074355,0.926474557,4.102216201,6.229317801,14.37548735,13.42761091,13.53403953,7.614525766,15.86096264,7.291431062,8.243566412,7.35242591,1.388836693,8.543400227
4,0,0,0,0,0,0,2.0001,0.78003,0.78003,0.78003,0.379992,0.379992,0.379992,0.83995,0,0,0,0,0.36999,0,0.36999,0.36999,0.45,0.45,0,1.69005,1.69005,0,1.69005,1.69005,1.69005,1.20004,1.6,1.6,1.6,1.6,0.80997,0.80997,0.80997,0.80997,0.90992,0.90992,2.85,1.160114,1.160114,0.60996,2.3499,2.3499,0,0,0,1.7199,2.49,2.49,2.49,2.54978,2.0301,2.0301,4.6,3,0,0,0,0,0,0,0,0,0,0,0,0,0,0,0,0,943.5,0,505.0666933,140,0,0,677.8,636,623.82717,0,655,0,0,0,321.99685,0,0,610.4733333,560.6402022,651.968,636,0,0,751.1,0,0,0,0,0,0,0,0,0,0,0,0,0,0,0,0,0,0,0,0,0,0,0,0,0,0,0,0,0,0,0,0,0,0,0,0,0,0,0,0,0,0,0,0,0,0,0,0,0,0,0,0,0,0,0,0,0,0,0,0,0,0,0,0,0,0,0,0,0,0,0,16.0006,0,0,0,0,0,0,0,0,0,0,0,0,0,0,0,0.17296,0.29187,1.00533,0.3025,7.42095,7.42095,7.42095,0,0,8.4318,8.4318,8.4318,0,0,0.02162,0.103776,3.96612,3.96612,0.051888,0.51,2.23,0,0,0.1058,2.593315,2.593315,0.22356,0,0,0,0,0,0,0,15.94,24.96,0,78.17428713,0,0,0,0,0,0,0,0.01012,0,0,0,0,0,0,0,0,0,0,0,0,0,0,0,0,0,0,0,0,0,0,0,0,0,0,0,0,0,0,0,0,0,0,0,0,0,0,0,0,0,0,0,0,0,0,0,0,0,0,0,0,0,0,0,0,0,0,0,0,0,0,0,0,0,0,0,0,0,0,0,0,0,0,0,0,3.744786422,20.66312247,3.336666115,1.117630601,0.948248394,4.278416065,6.473257506,14.73705181,13.7853577,13.89359208,8.007738603,16.18968934,7.649455126,8.062630598,7.343646399,1.352615967,8.79549109
5,0,0,0,0,0,0,2.0001,0.78003,0.78003,0.78003,0.379992,0.379992,0.379992,0.83995,0,0,0,0,0.36999,0,0.36999,0.36999,0.45,0.45,0,1.69005,1.69005,0,1.69005,1.69005,1.69005,1.20004,1.6,1.6,1.6,1.6,0.80997,0.80997,0.80997,0.80997,0.90992,0.90992,2.85,1.160114,1.160114,0.60996,2.3499,2.3499,0,0,0,1.7199,2.49,2.49,2.49,2.54978,2.0301,2.0301,4.6,3,0,0,0,0,0,0,0,0,0,0,0,0,0,0,0,0,943.5,0,505.0666933,140,0,0,677.8,636,623.82717,0,655,0,0,0,321.99685,0,0,610.4733333,560.6402022,651.968,636,0,0,751.1,0,0,0,0,0,0,0,0,0,0,0,0,0,0,0,0,0,0,0,0,0,0,0,0,0,0,0,0,0,0,0,0,0,0,0,0,0,0,0,0,0,0,0,0,0,0,0,0,0,0,0,0,0,0,0,0,0,0,0,0,0,0,0,0,0,0,0,0,0,0,0,16.0006,0,0,0,0,0,0,0,0,0,0,0,0,0,0,0,0.1728,0.2916,1.0044,0.3025,7.44246,7.44246,7.44246,0,0,8.424,8.424,8.424,0,0,0.0216,0.10368,3.94696,3.94696,0.05184,0.51,2.23,0,0,0.09545,2.59763,2.59763,0.20169,0,0,0,0,0,0,0,15.94,24.96,0,164.3929303,0,0,0,0,0,0,0,0.01012,0,0,0,0,0,0,0,0,0,0,0,0,0,0,0,0,0,0,0,0,0,0,0,0,0,0,0,0,0,0,0,0,0,0,0,0,0,0,0,0,0,0,0,0,0,0,0,0,0,0,0,0,0,0,0,0,0,0,0,0,0,0,0,0,0,0,0,0,0,0,0,0,0,0,0,0,3.840846007,21.78848355,3.648022002,1.272382764,0.966473811,4.417088284,6.693629718,15.05771063,14.09462937,14.21597039,8.39424841,16.35977068,7.962592044,7.594329235,7.378462265,1.277453655,9.73602456
6,0,0,0,0,0,0,2.0001,0.78003,0.78003,0.78003,0.379992,0.379992,0.379992,0.83995,0,0,0,0,0.36999,0,0.36999,0.36999,0.45,0.45,0,1.69005,1.69005,0,1.69005,1.69005,1.69005,1.20004,1.6,1.6,1.6,1.6,0.80997,0.80997,0.80997,0.80997,0.90992,0.90992,2.85,1.160114,1.160114,0.60996,2.3499,2.3499,0,0,0,1.7199,2.49,2.49,2.49,2.54978,2.0301,2.0301,4.6,3,0,0,0,0,0,0,0,0,0,0,0,0,0,0,0,0,943.5,0,542.1635514,140,0,0,677.8,636,623.82717,0,655,0,0,0,321.99685,0,0,617.0735591,560.6402022,651.968,636,0,0,751.1,0,0,0,0,0,0,0,0,0,0,0,0,0,0,0,0,0,0,0,0,0,0,0,0,0,0,0,0,0,0,0,0,0,0,0,0,0,0,0,0,0,0,0,0,0,0,0,0,0,0,0,0,0,0,0,0,0,0,0,0,0,0,0,0,0,0,0,0,0,0,0,16.0006,0,0,0,0,0,0,0,0,0,0,0,0,0,0,0,0.17256,0.291195,1.003005,0.3025,7.36359,7.36359,7.36359,0,0,8.4123,8.4123,8.4123,0,0,0.02157,0.103536,3.81284,3.81284,0.051768,0.51,2.23,0,0,0.2392,2.610575,2.610575,0.50544,0,0,0,0,0,0,0,15.94,24.96,0,419.8053262,0,0,0,0,0,0,0,0.01012,0,0,0,0,0,0,0,0,0,0,0,0,0,0,0,0,0,0,0,0,0,0,0,0,0,0,0,0,0,0,0,0,0,0,0,0,0,0,0,0,0,0,0,0,0,0,0,0,0,0,0,0,0,0,0,0,0,0,0,0,0,0,0,0,0,0,0,0,0,0,0,0,0,0,0,0,3.850832136,22.66750485,3.953736815,1.434199065,0.981407673,4.515839814,6.808627017,15.31724412,14.35487835,14.4816607,8.703631704,16.50270817,8.230707827,7.076390315,7.260709799,1.045526788,10.76610725
7,0,0,0,0,0,0,2.0001,0.78003,0.78003,0.78003,0.379992,0.379992,0.379992,0.83995,0,0,0,0,0.36999,0.36999,0.36999,0.36999,0.45,0.45,0,1.69005,1.69005,0,1.69005,1.69005,1.69005,1.20004,1.6,1.6,1.6,1.6,0.80997,0.80997,0.80997,0.80997,0.90992,0.90992,2.85,1.160114,1.160114,0.60996,2.3499,2.3499,0,0,0,1.7199,2.49,2.49,2.49,2.54978,2.0301,2.0301,4.6,3,0,0,0,0,0,0,0,0,0,0,0,0,0,0,0,0,943.5,0,543.0444622,140,0,0,677.8,636,623.82717,0,655,0,0,0,321.99685,0,0,612.9421764,560.6402022,651.968,636,0,0,751.1,0,0,0,0,0,0,0,0,0,0,0,0,0,0,0,0,0,0,0,0,0,0,0,0,0,0,0,0,0,0,0,0,0,0,0,0,0,0,0,0,0,0,0,0,0,0,0,0,0,0,0,0,0,0,0,0,0,0,0,0,0,0,0,0,0,0,0,0,0,0,0,16.0006,0,0,0,0,0,0,0,0,0,0,0,0,0,0,0,0.17672,0.298215,1.027185,7.3755,8.46777,8.46777,8.46777,0,0,8.6151,8.6151,8.6151,0,0,0.02209,0.106032,3.6404,3.6404,0.053016,0.51,2.23,0,0,0.78085,2.550165,2.550165,1.64997,0,0,0,0,0,0,0,15.94,234.3999946,0,565.9026631,0,0,0,0,0,0,0,0.01012,0,0,0,0,0,0,0,0,0,0,0,0,0,0,0,0,0,0,0,0,0,0,0,0,0,0,0,0,0,0,0,0,0,0,0,0,0,0,0,0,0,0,0,0,0,0,0,0,0,0,0,0,0,0,0,0,0,0,0,0,0,0,0,0,0,0,0,0,0,0,0,0,0,0,0,0,3.790528985,23.22347071,4.165715561,1.564434352,0.989365108,4.549067465,6.805311348,15.45882698,14.50771257,14.63031441,8.855624629,16.52515667,8.38813602,6.663182832,7.134811914,0.735527963,11.59509308
8,0,0,0,0,0,0,2.0001,0.78003,0.78003,0.78003,0.379992,0.379992,0.379992,0.83995,0,0,0,0,0.36999,0.36999,0.36999,0.36999,0.45,0.45,0,1.69005,1.69005,1.69005,1.69005,1.69005,1.69005,1.20004,1.6,1.6,1.6,1.6,0.80997,0.80997,0.80997,0.80997,0.90992,0.90992,2.85,1.160114,1.160114,0.60996,2.3499,2.3499,0,0,0,1.7199,2.49,2.49,2.49,2.54978,2.0301,2.0301,4.6,3,0,0,0,0,0,0,0,0,0,0,0,0,0,0,0,0,943.5,0,543.0444622,140,0,0,677.8,636,623.82717,0,655,0,0,0,321.99685,0,0,610.4733333,558.4365609,651.968,636,0,0,751.1,0,0,0,0,0,0,0,0,0,0,0,0,0,0,0,0,0,0,0,0,0,0,0,0,0,0,0,0,0,0,0,0,0,0,0,0,0,0,0,0,0,0,0,0,0,0,0,0,0,0,0,0,0,0,0,0,0,0,0,0,0,0,0,0,0,0,0,0,0,0,0,16.0006,0,0,0,0,0,0,0,0,0,0,0,0,0,0,0,0.17616,0.29727,1.02393,6.16,29.3253,29.3253,29.3253,0,0,8.5878,8.5878,8.5878,0,0,0.02202,0.105696,3.34342,3.34342,0.052848,0.51,2.23,0,0,1.2696,2.633876,2.633876,2.68272,0,0,0,0,0,0,0,15.94,221.6533333,0,511.3412647,0,0,0,0,0,0,0,0.01012,0,0,32.70160219,0,0,0,0,0,0,0,0,0,0,0,0,0,0,0,0,0,0,0,0,0,0,0,0,0,0,0,0,17.14490084,33.13028401,26.42642936,22.37747465,4.705175527,19.57829041,4.463331753,3.169277383,0.271071465,0.271071465,0.271071465,0.23257839,0.23257839,0.23257839,0.23257839,0.23257839,0.23257839,0.23257839,0.143216044,0.714675986,2.125509913,1.621003937,2.185822676,1.401319335,2.41542183,2.421945694,1.042499971,1.22072587,1.272878019,2.157927731,0.132647301,0,20.17390854,9.446787236,17.99391667,0,13.44814753,32.41933473,47.83089876,43.34548161,16.35909672,12.99777825,0,0,0,3.739347972,23.52016002,4.308163814,1.66038966,0.989516962,4.514555203,6.741393871,15.47242877,14.51201597,14.64346401,8.841753758,16.22294799,8.473759008,6.24428094,7.094485187,0.474221912,12.45536398
9,0,0,0,0,0,0,2.0001,0.78003,0.78003,0.78003,0.379992,0.379992,0.379992,0.83995,0,0,0,0,0.36999,0.36999,0.36999,0.36999,0.45,0.45,0,1.69005,1.69005,1.69005,1.69005,1.69005,1.69005,1.20004,1.6,1.6,1.6,1.6,0.80997,0.80997,0.80997,0.80997,0.90992,0.90992,2.85,1.160114,1.160114,0.60996,2.3499,2.3499,0,0,0,1.7199,2.49,2.49,2.49,2.54978,2.0301,2.0301,4.6,3,0,0,0,0,0,0,0,0,0,0,0,0,0,0,0,0,943.5,0,543.0444622,140,0,0,677.8,636,623.82717,0,655,0,0,0,321.99685,0,0,610.4733333,549.3954031,651.968,636,0,0,751.1,0,0,0,0,0,0,0,0,0,0,0,0,0,0,0,0,0,0,0,0,0,0,0,0,0,0,0,0,0,0,0,0,0,0,0,0,0,0,0,0,0,0,0,0,0,0,0,0,0,0,0,0,0,0,0,0,0,0,0,0,0,0,0,0,0,0,0,0,0,0,0,16.0006,0,0,0,0,0,0,0,0,0,0,0,0,0,0,0,0.17656,0.297945,1.026255,3.8005,1.0755,1.0755,1.0755,0,0,8.6073,8.6073,8.6073,0,0,0.02207,0.105936,3.22846,3.22846,0.052968,0.51,2.23,0,0,1.1362,2.591589,2.591589,2.40084,0,0,0,0,0,0,0,15.94,134.8260789,0,492.8539947,0,0,0,0,0,0,0,0.01012,0,51.35540942,118.1118808,54.91581898,1.869086734,0.045280849,1.177883114,0.082012688,0.96669383,4.948566047,0.318062035,0.763796085,0.591258863,0.101816915,4.509208014,4.055864478,1.701060908,1.159694924,4.756145947,0.038507615,0.330201222,7.092024396,2.898890862,0.113096164,0.556883769,0.746641309,0.691441985,0.253324722,2.594169749,2.787105628,1.64035258,51.34285092,84.9588525,61.78079712,62.70653404,15.15096024,31.74228629,11.59702598,9.790347575,0.698585769,0.698585769,0.698585769,0.604305882,0.604305882,0.604305882,0.604305882,0.604305882,0.604305882,0.604305882,0.372116679,1.841811249,6.522869081,4.177534077,6.707959847,3.611378812,7.461580796,7.481733939,2.686655507,3.1459664,3.973250331,6.622354472,0.898052691,25.60736766,30.97152001,14.50295858,27.62473861,0,20.64595313,58.68537962,57.56711901,84.81760472,48.34733513,19.87152211,15.14501613,22.42790789,9.759650882,3.628165965,23.64969466,4.49009164,1.781342815,0.984033161,4.375637959,6.551370252,15.37265847,14.40884088,14.54514587,8.680248088,15.41999677,8.422639307,5.667804271,7.154878262,0.27098269,13.6306653
10,0,0,0,0,0,0,2.0001,0.78003,0.78003,0.78003,0.379992,0.379992,0.379992,0.83995,0,0,0,0,0.36999,0.36999,0.36999,0.36999,0.45,0.45,0,1.69005,1.69005,1.69005,1.69005,1.69005,1.69005,1.20004,1.6,1.6,1.6,1.6,0.80997,0.80997,0.80997,0.80997,0.90992,0.90992,2.85,1.160114,1.160114,0.60996,2.3499,2.3499,0,0,0,1.7199,2.49,2.49,2.49,2.54978,2.0301,2.0301,4.6,3,0,0,0,0,0,0,0,0,0,0,0,0,0,0,0,0,943.5,0,543.0444622,140,0,0,677.8,636,623.82717,0,655,0,0,0,321.99685,0,0,610.4733333,541.9289426,651.968,636,0,0,751.1,0,0,0,0,0,0,0,0,0,0,0,0,0,0,0,0,0,0,0,0,0,0,0,0,0,0,0,0,0,0,0,0,0,0,0,0,0,0,0,0,0,0,0,0,0,0,0,0,0,0,0,0,0,0,0,0,0,0,0,0,0,0,0,0,0,0,0,0,0,0,0,16.0006,0,0,0,0,0,0,0,0,0,0,0,0,0,0,0,0.17736,0.299295,1.030905,3.729,0,0,0,0,0,8.6463,8.6463,8.6463,0,0,0.02217,0.106416,3.19972,3.19972,0.053208,0.51,2.23,0,0,1.29605,2.581233,2.581233,2.73861,0,0,0,0,0,0,0,15.94,90.52444444,0,451.133371,0,0,0,0,0,0,0,0.01012,0,138.6130595,200.3153253,6.845866321,3.142738141,0.07613657,2.647035445,0.137898578,1.625427818,8.32066644,0.347828436,1.284269502,0.994160274,0.171197996,7.581916749,6.819651417,2.421634273,1.949945609,7.997125549,0.064747852,0.36110369,11.92474119,5.033670561,0.190163261,0.936360967,1.255424951,1.162611162,0.501740448,4.504548988,4.839565276,2.335209756,79.38705759,129.7429595,90.24683267,94.37745672,23.31640713,46.66898772,18.49482867,15.14204734,1.043668357,1.043668357,1.043668357,0.963741373,0.963741373,0.963741373,0.963741373,0.963741373,0.963741373,0.963741373,0.593448202,2.751616486,8.787445484,6.241123591,9.036795118,5.395302847,11.54030628,11.57147574,4.013791092,4.699989217,6.293035881,8.921469705,1.3868853,21.42669858,38.38214353,17.97311328,34.23457041,36.98732103,25.58595562,70.37062993,76.27649457,101.9191733,77.18602119,19.18533173,31.46798717,23.61938287,21.88478918,3.440266092,23.62724079,4.64010125,1.892155119,0.979916195,4.13103258,6.290853038,15.29528814,14.34547847,14.47247269,8.516578984,14.43977667,7.855646279,5.121777897,7.240555079,0.157608593,14.89054438
11,0,0,0,0,0,0,2.0001,0.78003,0.78003,0.78003,0.379992,0.379992,0.379992,0.83995,0,0,0,0,0.36999,0.36999,0.36999,0.36999,0.45,0.45,0,1.69005,1.69005,1.69005,1.69005,1.69005,1.69005,1.20004,1.6,1.6,1.6,1.6,0.80997,0.80997,0.80997,0.80997,0.90992,0.90992,2.85,1.160114,1.160114,0.60996,2.3499,2.3499,0,0,0,1.7199,2.49,2.49,2.49,2.54978,2.0301,2.0301,4.6,3,0,0,0,0,0,0,0,0,0,0,0,0,0,0,0,0,943.5,0,543.0444622,140,0,0,677.8,636,623.82717,0,655,0,0,0,321.99685,0,0,610.4733333,536.9718094,651.968,636,0,0,751.1,0,0,0,0,0,0,0,0,0,0,0,0,0,0,0,0,0,0,0,0,0,0,0,0,0,0,0,0,0,0,0,0,0,0,0,0,0,0,0,0,0,0,0,0,0,0,0,0,0,0,0,0,0,0,0,0,0,0,0,0,0,0,0,0,0,0,0,0,0,0,0,16.0006,0,0,0,0,0,0,0,0,0,0,0,0,0,0,0,0.17672,0.298215,1.027185,3.113,0,0,0,0,0,8.6151,8.6151,8.6151,0,0,0.02209,0.106032,3.13266,3.13266,0.053016,0.51,2.23,0,0,1.4467,2.54585,2.54585,3.05694,0,0,0,0,0,0,0,15.94,94.11434307,0,492.8539947,0,0,0,0,0,0,0,0.01012,0,43.50509226,249.1603987,27.67370196,3.290995783,0.079728288,3.177657582,0.144403899,1.702106842,8.713191151,0,1.344854495,1.041059459,0.179274205,7.939591186,7.141366236,4.008745685,2.041933654,8.374387325,0.06780231,0,12.48728695,3.531473269,0.19913415,0.980533489,1.314649211,1.217456962,0.661938221,3.16025734,3.395294785,3.865679527,91.55867644,152.7528138,108.6496173,108.0988199,37.56495247,11.9625865,22.47100742,18.68174492,1.256060223,1.256060223,1.256060223,1.170934857,1.170934857,1.170934857,1.170934857,1.170934857,1.170934857,1.170934857,0.721032846,3.311584562,10.63384201,7.511224271,10.93558438,6.493274664,14.23803885,14.27649467,4.830618178,5.656461143,8.001711837,10.79602707,1.548343055,69.42464757,48.85596302,22.87766334,43.57658932,60.4056582,32.56791796,78.52447457,86.9130974,123.0380921,91.73528197,19.52528126,31.46798717,26.00512215,22.23531085,3.194870483,23.52386559,4.756470078,1.979249704,0.978469295,3.638145205,5.999021171,15.27338654,14.33163517,14.45101148,8.404992359,12.35902713,6.700607267,4.726789272,7.300453604,0.111000678,15.88313996
12,0,0,0,0,0,0,2.0001,0.78003,0.78003,0.78003,0.379992,0.379992,0.379992,0.83995,0,0,0,0,0.36999,0.36999,0.36999,0.36999,0.45,0.45,0,1.69005,1.69005,1.69005,1.69005,1.69005,1.69005,1.20004,1.6,1.6,1.6,1.6,0.80997,0.80997,0.80997,0.80997,0.90992,0.90992,2.85,1.160114,1.160114,0.60996,2.3499,2.3499,0,0,0,1.7199,2.49,2.49,2.49,2.54978,2.0301,2.0301,4.6,3,0,0,0,0,0,0,0,0,0,0,0,0,0,0,0,0,943.5,0,543.0444622,140,0,0,677.8,636,623.82717,0,655,0,0,0,321.99685,0,0,610.4733333,534.9635572,651.968,636,0,0,751.1,0,0,0,0,0,0,0,0,0,0,0,0,0,0,0,0,0,0,0,0,0,0,0,0,0,0,0,0,0,0,0,0,0,0,0,0,0,0,0,0,0,0,0,0,0,0,0,0,0,0,0,0,0,0,0,0,0,0,0,0,0,0,0,0,0,0,0,0,0,0,0,16.0006,0,0,0,0,0,0,0,0,0,0,0,0,0,0,0,0.17704,0.298755,1.029045,3.0085,0,0,0,0,0,8.6307,8.6307,8.6307,0,0,0.02213,0.106224,3.02728,3.02728,0.053112,0.51,2.23,0,0,1.5594,2.531179,2.531179,3.29508,0,0,0,0,0,0,0,15.94,90.52444444,0,462.9163259,0,0,0,0,0,0,0,0.01012,0,65.9329415,273.3240437,0,4.160578394,0.100794961,4.354745481,0.182559864,2.151855979,11.01548505,0.262416815,1.70020654,1.316139484,0.226643981,10.03747611,9.028335504,4.440295757,2.581475518,10.5871588,0.085717773,0.272432241,15.78681339,0.509116328,0.251751536,1.239620686,1.662020089,1.53914665,0.796450976,0.455599827,0.489484099,4.28182822,111.3023219,171.9183004,118.1913134,115.2441442,42.56026851,2.833034426,24.22208853,21.09242173,1.274170343,1.274170343,1.274170343,1.262181407,1.262181407,1.262181407,1.262181407,1.262181407,1.262181407,1.262181407,0.777220225,3.35933163,11.99111713,7.619522558,12.33137309,6.586895957,16.07530353,16.11872166,4.900266967,5.738017096,8.716086893,12.17400306,0.825137769,78.7430066,48.19135547,22.56644917,42.98379924,83.8270063,32.12488331,82.91166651,101.6423235,135.0457277,99.47684166,20.32028679,28.1600629,21.86940412,10.63176129,3.028011451,23.41218589,4.868663415,2.054336459,0.976852109,3.181159911,5.803073722,15.2521347,14.31613396,14.432835,8.323500503,10.62605422,5.82420378,4.389897107,7.351233925,0.06802525,17.07214086
13,0,0,0,0,0,0,2.0001,0.78003,0.78003,0.78003,0.379992,0.379992,0.379992,0.83995,0,0,0,0,0.36999,0.36999,0.36999,0.36999,0.45,0.45,0,1.69005,1.69005,1.69005,1.69005,1.69005,1.69005,1.20004,1.6,1.6,1.6,1.6,0.80997,0.80997,0.80997,0.80997,0.90992,0.90992,2.85,1.160114,1.160114,0.60996,2.3499,2.3499,0,0,0,1.7199,2.49,2.49,2.49,2.54978,2.0301,2.0301,4.6,3,0,0,0,0,0,0,0,0,0,0,0,0,0,0,0,0,943.5,0,543.0444622,140,0,0,677.8,636,623.82717,0,655,0,0,0,321.99685,0,0,610.4733333,534.2783816,651.968,636,0,0,751.1,0,0,0,0,0,0,0,0,0,0,0,0,0,0,0,0,0,0,0,0,0,0,0,0,0,0,0,0,0,0,0,0,0,0,0,0,0,0,0,0,0,0,0,0,0,0,0,0,0,0,0,0,0,0,0,0,0,0,0,0,0,0,0,0,0,0,0,0,0,0,0,16.0006,0,0,0,0,0,0,0,0,0,0,0,0,0,0,0,0.17664,0.29808,1.02672,2.992,0,0,0,0,0,8.6112,8.6112,8.6112,0,0,0.02208,0.105984,2.76862,2.76862,0.052992,0.51,2.23,0,0,1.58585,2.500111,2.500111,3.35097,0,0,0,0,0,0,0,15.94,40.73200329,0,419.8053262,0,0,0,0,0,0,0,0.01012,0,95.03798361,262.5772228,58.67364163,4.10917637,0.099549685,4.12312259,0.180304421,2.125270793,10.87939382,0,1.679201274,1.299879189,0.223843899,9.913467729,8.916794588,4.41049989,2.54958258,10.45635934,0.084658769,0,15.5917746,0,0.248641262,1.224305745,1.641486599,1.520131204,0.719429118,0,0,4.253095723,109.8005843,168.1884046,117.7446237,122.502931,42.77726333,6.709926116,24.05656845,20.63826904,1.297488649,1.297488649,1.297488649,1.253556372,1.253556372,1.253556372,1.253556372,1.253556372,1.253556372,1.253556372,0.77190914,3.420810007,11.67479692,7.758965737,12.00607708,6.707441267,15.72917721,15.77166048,4.989945658,5.843027264,9.298472837,11.8528584,0.513522665,60.99987775,49.37647196,23.1214008,44.04085208,117.0287271,32.91489489,82.42891535,110.0070729,127.624641,96.11382713,21.20414367,20.16891146,24.12329223,4.180649145,3.123215481,23.30047957,4.995134969,2.121026062,0.975298942,3.292164016,5.920217523,15.24276915,14.30850576,14.4231948,8.348974946,12.45372885,5.966070263,4.143958734,7.296705454,0.043491493,19.13671377
14,0,0,0,0,0,0,2.0001,0.78003,0.78003,0.78003,0.379992,0.379992,0.379992,0.83995,0,0,0,0,0.36999,0.36999,0.36999,0.36999,0.45,0.45,0,1.69005,1.69005,1.69005,1.69005,1.69005,1.69005,1.20004,1.6,1.6,1.6,1.6,0.80997,0.80997,0.80997,0.80997,0.90992,0.90992,2.85,1.160114,1.160114,0.60996,2.3499,2.3499,0,0,0,1.7199,2.49,2.49,2.49,2.54978,2.0301,2.0301,4.6,3,0,0,0,0,0,0,0,0,0,0,0,0,0,0,0,0,943.5,0,543.0444622,140,0,0,677.8,636,623.82717,0,655,0,0,0,321.99685,0,0,610.4733333,533.5892901,651.968,636,0,0,751.1,0,0,0,0,0,0,0,0,0,0,0,0,0,0,0,0,0,0,0,0,0,0,0,0,0,0,0,0,0,0,0,0,0,0,0,0,0,0,0,0,0,0,0,0,0,0,0,0,0,0,0,0,0,0,0,0,0,0,0,0,0,0,0,0,0,0,0,0,0,0,0,16.0006,0,0,0,0,0,0,0,0,0,0,0,0,0,0,0,0.17736,0.299295,1.030905,3.3275,0,0,0,0,0,8.6463,8.6463,8.6463,0,0,0.02217,0.106416,2.73988,2.73988,0.053208,0.51,2.23,0,0,2.08265,2.493207,2.493207,4.40073,0,0,0,0,0,0,0,15.94,154.6920818,0,492.8539947,0,0,0,0,0,0,0,0.01012,0,38.65957658,224.861302,51.47534232,3.944962971,0.095571421,2.296494487,0.173098986,2.040339432,10.44462489,0,1.612096014,1.247932628,0.214898514,9.517299719,8.560456235,4.010785882,2.447694615,10.03849597,0.081275584,0,14.96868665,0.173621122,0.238704909,1.175379296,1.575888516,1.459382799,0.573102514,0.155370686,0.166926052,3.867646913,98.88711188,145.4496322,104.1354253,108.553344,39.65741082,33.14037693,22.79356431,18.56308073,1.175649825,1.175649825,1.175649825,1.187742875,1.187742875,1.187742875,1.187742875,1.187742875,1.187742875,1.187742875,0.73138281,3.099583714,10.84668311,7.030371107,11.15446498,6.077588546,14.14760055,14.1858121,4.521371916,5.294346109,7.736195873,11.01211438,0.690065813,50.89105666,50.44311119,23.62087337,44.99223031,101.9500665,33.62592824,72.03298335,108.4160032,121.0143819,86.15097132,16.73501414,16.13302871,14.58530622,15.1224723,3.448306806,23.1941167,5.115248312,2.171928642,0.973943052,3.940887593,6.313151918,15.24470757,14.30827993,14.42143428,8.474417685,17.61010915,7.049464652,3.997815817,7.142490228,0.039953028,21.95920489
15,0,0,0,0,0,0,2.0001,0.78003,0.78003,0.78003,0.379992,0.379992,0.379992,0.83995,0,0,0,0,0.36999,0.36999,0.36999,0.36999,0.45,0.45,0,1.69005,1.69005,1.69005,1.69005,1.69005,1.69005,1.20004,1.6,1.6,1.6,1.6,0.80997,0.80997,0.80997,0.80997,0.90992,0.90992,2.85,1.160114,1.160114,0.60996,2.3499,2.3499,0,0,0,1.7199,2.49,2.49,2.49,2.54978,2.0301,2.0301,4.6,3,0,0,0,0,0,0,0,0,0,0,0,0,0,0,0,0,943.5,0,543.0444622,140,0,0,677.8,636,623.82717,0,655,0,0,0,321.99685,0,0,688.3,570.01,651.968,636,0,0,751.1,0,0,0,0,0,0,0,0,0,0,0,0,0,0,0,0,0,0,0,0,0,0,0,0,0,0,0,0,0,0,0,0,0,0,0,0,0,0,0,0,0,0,0,0,0,0,0,0,0,0,0,0,0,0,0,0,0,0,0,0,0,0,0,0,0,0,0,0,0,0,0,16.0006,0,0,0,0,0,0,0,0,0,0,0,0,0,0,0,0.1784,0.30105,1.03695,3.212,0.5736,0.5736,0.5736,0,0,8.697,8.697,8.697,0,0,0.0223,0.10704,2.74946,2.74946,0.05352,0.51,2.23,0,0,2.3966,2.493207,2.493207,5.06412,0,0,0,0,0,0,0,15.94,221.6533333,191.8268444,493.9008281,0,0,0,0,24.000192,0,0,0.01012,0,55.21718582,181.6602755,43.23561038,3.263210954,0.079055167,1.648878165,0.143184743,1.687736497,8.639628454,0,1.333500317,1.032270125,0.17776065,7.872559747,7.081073956,2.81632663,2.024694258,8.30368504,0.067229877,0,12.38186076,0,0.197452924,0.972255157,1.303550047,1.207178361,0.498041826,0,0,2.715816131,71.58059304,112.1192997,82.74599331,80.92801757,33.21878097,0,16.17938518,13.66084229,1.004769481,1.004769481,1.004769481,0.843086637,0.843086637,0.843086637,0.843086637,0.843086637,0.843086637,0.843086637,0.519151987,2.649060166,8.951554564,6.008508809,9.205560902,5.194212902,10.41142592,10.43954636,3.864191885,4.524814515,5.79553944,9.088081741,0.346807451,50.09078805,34.937241,16.35997713,31.16192393,92.64693924,23.28954601,59.05571757,84.76411373,85.79859791,75.26524785,16.09223886,19.57647253,16.83804345,11.08611484,3.912095355,23.10194544,5.198659015,2.197516154,0.972625446,4.93758213,6.871914047,15.24846001,14.30760427,14.42080175,8.662436415,24.86625426,8.804114767,3.941545308,6.930659852,0.050670445,25.20860995
16,0,0,0,0,0,0,2.0001,0.78003,0.78003,0.78003,0.379992,0.379992,0.379992,0.83995,0,0,0,0,0.36999,0.36999,0.36999,0.36999,0.45,0.45,0,1.69005,1.69005,1.69005,1.69005,1.69005,1.69005,1.20004,1.6,1.6,1.6,1.6,0.80997,0.80997,0.80997,0.80997,0.90992,0.90992,2.85,1.160114,1.160114,0.60996,2.3499,2.3499,0,0,0,1.7199,2.49,2.49,2.49,2.54978,2.0301,2.0301,4.6,3,0,0,0,0,0,0,0,0,0,0,0,0,0,0,0,0,943.5,0,543.0444622,140,0,0,677.8,636,623.82717,0,655,0,0,0,321.99685,0,0,688.3,570.01,651.968,636,0,0,751.1,0,0,0,0,0,0,0,0,0,0,0,0,0,0,0,0,0,0,0,0,0,0,0,0,0,0,0,0,0,0,0,0,0,0,0,0,0,0,0,0,0,0,0,0,0,0,0,0,0,0,0,0,0,0,0,0,0,0,0,0,0,0,0,0,0,0,0,0,0,0,0,16.0006,0,0,0,0,0,0,0,0,0,0,0,0,0,0,0,0.17888,0.30186,1.03974,3.0195,11.98824,11.98824,11.98824,0,0,8.7204,8.7204,8.7204,0,0,0.02236,0.107328,2.7782,2.7782,0.053664,0.51,2.23,0,0,2.45525,2.5027,2.5027,5.18805,0,0,0,0,8.20008,0,0,15.94,312,213.8039361,565.9026631,0,0,0,0,138.6003268,0,0,0.01012,0,81.59621027,124.0354448,56.8125574,2.251709962,0.054550352,1.21292739,0.098801615,1.164587009,5.961593576,0,0.920153796,0.71229625,0.122659991,5.432293977,4.886145884,0.931973181,1.397097612,5.729782902,0.04639056,0,8.543842132,0.481549749,0.13624823,0.670884186,0.899487244,0.832987993,0.291463607,0.430930949,0.462980526,0.898712447,54.75831688,71.96171473,53.11588151,54.42855837,22.46394132,2.690500137,11.12638567,9.087193261,0.637523627,0.637523627,0.637523627,0.57978143,0.57978143,0.57978143,0.57978143,0.57978143,0.57978143,0.57978143,0.357015125,1.680821796,5.623945941,3.812383237,5.783529163,3.295714599,6.92568126,6.944386979,2.451819717,2.87098306,3.920108695,5.70972115,0.172217837,14.84104962,30.2019337,14.14258626,26.93831377,100.848734,20.1329385,55.82949051,53.92424269,81.14238056,62.41356765,16.16116602,16.85110769,7.115427036,1.858499698,4.423391057,23.03281398,5.215022649,2.188260555,0.971187131,6.092499119,7.486541049,15.24453649,14.29862658,14.41454551,8.875638828,32.9932233,10.95974843,3.965224164,6.703285931,0.068904333,28.55392468
17,1.05,1.05,0,0,0.45006,0.45006,2.0001,0.78003,0.78003,0.78003,0.379992,0.379992,0.379992,0.83995,0.200005,0.200005,0.200005,0.200005,0.36999,0.36999,0.36999,0.36999,0.45,0.45,0,1.69005,1.69005,1.69005,1.69005,1.69005,1.69005,1.20004,1.6,1.6,1.6,1.6,0.80997,0.80997,0.80997,0.80997,0.90992,0.90992,2.85,1.160114,1.160114,0.60996,2.3499,2.3499,0.4,0,0,1.7199,2.49,2.49,2.49,2.54978,2.0301,2.0301,4.6,3,0,0,0,0,306.048,0,0,0,0,0,0,425.011968,0,0,0,0,943.5,0,543.0444622,140,0,291.75,677.8,636,623.82717,0,655,0,0,0,321.99685,0,0,688.3,570.01,651.968,636,77.49386267,0,751.1,0,0,0,0,0,0,0,0,0,0,0,0,0,0,0,0,6.9,2.99988,2.99988,0,0,0,0,0,0,0,0,0,0,0,0,0,0,104.3,104.3,104.3,0,0,0,3.1,0,0,0,0,0,0,0,0,0,0,0,0,0,0,0,0,0,0,0,0,0,0,0,0,0,0,0,0,0,0,0,16.0006,0,0,0,0,0,0,0,0,0,0,0,0,0,0,0,0.17776,0.29997,1.03323,3.047,15.39399,15.39399,15.39399,0,0,8.6658,8.6658,8.6658,0,0,0.02222,0.106656,2.874,2.874,0.053328,0.51,2.23,0,0,2.40465,2.535494,2.535494,5.08113,0,8.20008,8.20008,8.20008,8.20008,8.20008,8.20008,15.94,312,223.3203113,565.9026631,0,0,0,0,128.48306,0,0,0.01012,0,20.97432466,34.46939794,8.5412982,1.154696869,0.027973905,0.045814714,0.050666346,0.597210562,3.057158139,0.260149897,0.47186304,0.365271844,0.062901133,2.785728603,2.50565901,0.04775783,0.716444065,2.938283567,0.023789491,0.270078804,4.381358135,0.24146718,0.069869303,0.344035369,0.461265048,0.427163642,0.023155,0.216085007,0.232155872,0.046053424,23.57800388,21.63736804,22.40580165,24.18243863,9.21047721,0,2.531137992,4.812550396,0.209005387,0.209005387,0.209005387,0.131894296,0.131894296,0.131894296,0.131894296,0.131894296,0.131894296,0.131894296,0.081217259,0.551039671,3.026231577,1.249849572,3.112102919,1.080465217,3.667820099,3.677726593,0.803803195,0.941221469,1.110838636,3.072387008,0.158230909,9.203268865,22.49871779,10.53542002,20.06750711,57.774226,14.99789073,27.70309022,23.37215032,17.22487266,31.4729025,7.454390078,3.744690929,0.536898326,0.536361829,4.891003841,22.9955705,5.133994783,2.134633802,0.969469116,7.215890049,8.047070062,15.22344707,14.27349467,14.39591386,9.07663262,40.76207543,13.24609345,4.058929337,6.502440072,0.087915284,31.66414479
18,1.05,1.05,0.24996,0.24996,0.45006,0.45006,2.0001,0.78003,0.78003,0.78003,0.379992,0.379992,0.379992,0.83995,0.200005,0.200005,0.200005,0.200005,0.36999,0.36999,0.36999,0.36999,0.45,0.45,0,1.69005,1.69005,1.69005,1.69005,1.69005,1.69005,1.20004,1.6,1.6,1.6,1.6,0.80997,0.80997,0.80997,0.80997,0.90992,0.90992,2.85,1.160114,1.160114,0.60996,2.3499,2.3499,0.4,0,0,1.7199,2.49,2.49,2.49,2.54978,2.0301,2.0301,4.6,3,0.47,1.86975,0,0,312.096,0,0,0,0,0,0,500.02176,0,0,0,0,943.5,0,560.0093,140,0,315,677.8,636,623.82717,0,655,0,0,0,321.99685,0,0,688.3,570.01,651.968,636,82.99864,0,751.1,22.13553556,22.19547956,21.65054622,21.65054622,0,0,0,15,38.11111111,38.11111111,38.11111111,38.11111111,0,0,0,0,6.9,2.99988,2.99988,0,100,100,100,100,100,100,0.735,0,0.42,0,1.078,1.12,0,104.3,104.3,104.3,0.91,6.65,0.91,3.1,46.0026,50.18688082,0,60.35,60.35,0,0,0,0,0,0,0,0,0,0,0,0,0,0,0,0,0,0,0,0,0,0,0,0,0,0,16.0006,49.8,49.8,51.6,51.6,54.6,36.70634921,45.67777778,47.1,36.70634921,47.1,29.34,29.34,31.2,73.2,88.1929983,0.1764,0.297675,1.025325,4.719,14.77737,14.77737,14.77737,0,0,8.5995,8.5995,8.5995,0,0,0.02205,0.10584,3.89906,3.89906,0.05292,0.51,2.23,0,0,3.7053,2.549302,2.549302,7.82946,2.275,8.20008,8.20008,8.20008,8.20008,8.20008,8.20008,15.94,312,225.1201333,577.5637439,0,0,0,0,147.7860217,0,0,0.01012,0,0,0,0,0,0,0,0,0,0,0,0,0,0,0,0,0,0,0,0,0,0,0,0,0,0,0,0,0,0,0,0,0,0,0,0,0,0,0,0,0,0,0,0,0,0,0,0,0,0,0,0,0,0,0,0,0,0,0,0,0,0,0,0,0,0,0,0,0,0,0,0,0,0,0,0,5.223743636,22.99906316,4.92523099,2.027107851,0.967312407,8.11800641,8.443538227,15.17570178,14.22435633,14.35815511,9.228025483,46.94386977,15.39287766,4.212737783,6.37019388,0.100963886,34.20826601
19,1.05,1.05,0.24996,0.24996,0.45006,0.45006,2.0001,0.78003,0.78003,0.78003,0.379992,0.379992,0.379992,0.83995,0.200005,0.200005,0.200005,0.200005,0.36999,0.36999,0.36999,0.36999,0.45,0.45,0,1.69005,1.69005,1.69005,1.69005,1.69005,1.69005,1.20004,1.6,1.6,1.6,1.6,0.80997,0.80997,0.80997,0.80997,0.90992,0.90992,2.85,1.160114,1.160114,0.60996,2.3499,2.3499,0.4,0,0,1.7199,2.49,2.49,2.49,2.54978,2.0301,2.0301,4.6,3,0.47,1.86975,0,0,312.096,0,0,0,0,0,0,500.02176,0,0,0,0,943.5,0,551.49196,140,0,315,677.8,636,623.82717,0,655,0,0,0,321.99685,0,0,688.3,570.01,651.968,636,82.99864,0,751.1,20.50330333,22.19547956,21.65054622,21.65054622,0,0,0,15,0,0,38.11111111,0,0,0,0,0,6.9,2.99988,2.99988,0,100,100,100,100,100,100,0.735,0,0.42,0,1.078,1.12,0,104.3,104.3,104.3,0.91,6.65,0.91,3.1,46.0026,34.72626078,0,60.35,60.35,0,0,0,0,0,0,0,0,0,0,0,0,0,0,0,0,0,0,0,0,0,0,0,0,0,0,16.0006,75,75,77,77,82,36.70634921,45.67777778,47.1,36.70634921,47.1,29.34,29.34,46.7,87.61412113,88.1929983,0.1768,0.29835,1.02765,5.775,0.5736,0.5736,0.5736,0,0,8.619,8.619,8.619,0,0,0.0221,0.10608,33.66412,33.66412,0.05304,0.51,2.23,0,0,4.8875,2.547576,2.547576,10.3275,2.275,8.20008,8.20008,8.20008,8.20008,8.20008,8.20008,15.94,312,225.1201333,565.9026631,0,0,0,0,144.4503607,0,0,0.01012,0,0,0,0,0,0,0,0,0,0,0,0,0,0,0,0,0,0,0,0,0,0,0,0,0,0,0,0,0,0,0,0,0,0,0,0,0,0,0,0,0,0,0,0,0,0,0,0,0,0,0,0,0,0,0,0,0,0,0,0,0,0,0,0,0,0,0,0,0,0,0,0,0,0,0,0,5.366911749,23.04424508,4.580676921,1.863150451,0.96491441,8.661198839,8.608973689,15.10784143,14.15646396,14.30529022,9.305832895,50.66821469,17.15830895,4.383222041,6.333098687,0.104051074,35.70200849
20,1.05,1.05,0.24996,0.24996,0.45006,0.45006,2.0001,0.78003,0.78003,0.78003,0.379992,0.379992,0.379992,0.83995,0.200005,0.200005,0.200005,0.200005,0.36999,0.36999,0.36999,0.36999,0.45,0.45,0,1.69005,1.69005,1.69005,1.69005,1.69005,1.69005,1.20004,1.6,1.6,1.6,1.6,0.80997,0.80997,0.80997,0.80997,0.90992,0.90992,2.85,1.160114,1.160114,0.60996,2.3499,2.3499,0.4,0,0,1.7199,2.49,2.49,2.49,2.54978,2.0301,2.0301,4.6,3,0.47,1.86975,0,0,312.096,0,0,0,0,0,0,500.02176,0,0,0,0,943.5,0,543.0444622,140,0,315,677.8,636,623.82717,0,655,0,0,0,321.99685,0,0,688.3,570.01,651.968,636,82.99864,0,751.1,0,0,0,0,0,0,0,0,0,0,0,0,0,0,0,0,6.9,2.99988,2.99988,0,100,100,100,100,100,100,0.735,0,0.42,0,1.078,1.12,0,104.3,104.3,104.3,0.91,6.65,0.91,3.1,46.0026,33.52878443,0,60.35,60.35,0,0,0,0,0,0,0,0,0,0,0,0,0,0,0,0,0,0,0,0,0,0,0,0,0,0,16.0006,75,75,77,77,82,36.70634921,45.67777778,47.1,36.70634921,47.1,29.34,29.34,46.7,87.61412113,88.1929983,0.1856,0.3132,1.0788,5.3845,0,0,0,0,0,9.048,9.048,9.048,0,0,0.0232,0.11136,38.21462,38.21462,0.05568,0.51,2.23,0,0,4.3539,2.532042,2.532042,9.19998,2.275,8.20008,8.20008,8.20008,8.20008,8.20008,8.20008,15.94,305.2501862,191.8268444,565.9026631,0,0,0,0,145.837125,0,0,0.01012,0,0,0,0,0,0,0,0,0,0,0,0,0,0,0,0,0,0,0,0,0,0,0,0,0,0,0,0,0,0,0,0,0,0,0,0,0,0,0,0,0,0,0,0,0,0,0,0,0,0,0,0,0,0,0,0,0,0,0,0,0,0,0,0,0,0,0,0,0,0,0,0,0,0,0,0,5.413351895,23.10370869,4.221880903,1.691822042,0.963269871,8.957082355,8.650009451,15.06707103,14.1069462,14.26787987,9.34071238,52.74033616,18.48852495,4.43819858,6.364514797,0.103937259,35.37475385
21,1.05,1.05,0,0,0.45006,0.45006,2.0001,0.78003,0.78003,0.78003,0.379992,0.379992,0.379992,0.83995,0.200005,0.200005,0.200005,0.200005,0.36999,0.36999,0.36999,0.36999,0.45,0.45,0,1.69005,1.69005,1.69005,1.69005,1.69005,1.69005,1.20004,1.6,1.6,1.6,1.6,0.80997,0.80997,0.80997,0.80997,0.90992,0.90992,2.85,1.160114,1.160114,0.60996,2.3499,2.3499,0.4,0,0,1.7199,2.49,2.49,2.49,2.54978,2.0301,2.0301,4.6,3,0.47,1.86975,0,0,312.096,0,0,0,0,0,0,500.02176,0,0,0,0,943.5,0,543.0444622,140,0,315,677.8,636,623.82717,0,655,0,0,0,321.99685,0,0,688.3,570.01,651.968,636,77.49386267,0,751.1,0,0,0,0,0,0,0,0,0,0,0,0,0,0,0,0,6.9,2.99988,2.99988,0,100,100,100,0,100,100,0.735,0,0.42,0,1.078,1.12,0,104.3,104.3,104.3,0.91,6.65,0.91,3.1,45.06684,0,0,0,0,0,0,0,0,0,0,0,0,0,0,0,0,0,0,0,0,0,0,0,0,0,0,0,0,0,0,16.0006,75,75,77,77,82,36.70634921,45.67777778,47.1,36.70634921,47.1,29.34,29.34,46.7,87.61412113,88.1929983,0.1844,0.311175,1.071825,5.3295,0,0,0,0,0,8.9895,8.9895,8.9895,0,0,0.02305,0.11064,37.81226,37.81226,0.05532,0.51,2.23,0,0,3.35915,2.494933,2.494933,7.09803,0,8.20008,8.20008,8.20008,8.20008,8.20008,8.20008,15.94,310.9987804,191.8268444,565.9026631,0,0,0,0,120.7384904,0,0,0.01012,0,0,0,0,0,0,0,0,0,0,0,0,0,0,0,0,0,0,0,0,0,0,0,0,0,0,0,0,0,0,0,0,0,0,0,0,0,0,0,0,0,0,0,0,0,0,0,0,0,0,0,0,0,0,0,0,0,0,0,0,0,0,0,0,0,0,0,0,0,0,0,0,0,0,0,0,5.466327009,23.15504519,4.08192503,1.629196157,0.960565284,9.257346776,8.687880422,15.01651515,14.03741102,14.21281355,9.369510515,54.71360621,19.60652186,4.382364571,6.449524331,0.107903186,33.78239997
22,1.05,1.05,0,0,0.45006,0.45006,2.0001,0.78003,0.78003,0.78003,0.379992,0.379992,0.379992,0.83995,0.200005,0.200005,0.200005,0.200005,0.36999,0.36999,0.36999,0.36999,0.45,0.45,0,1.69005,1.69005,1.69005,1.69005,1.69005,1.69005,1.20004,1.6,1.6,1.6,1.6,0.80997,0.80997,0.80997,0,0.90992,0.90992,2.85,1.160114,1.160114,0.60996,2.3499,2.3499,0.4,0,0,1.7199,2.49,2.49,2.49,2.54978,2.0301,2.0301,4.6,3,0.47,1.86975,0,0,312.096,0,0,0,0,0,0,500.02176,0,0,0,0,943.5,0,543.0444622,140,0,315,677.8,636,623.82717,0,655,0,0,0,321.99685,0,0,688.3,570.01,651.968,636,77.49386267,0,751.1,0,0,0,0,0,0,0,0,0,0,0,0,0,0,0,0,6.9,2.99988,2.99988,0,100,0,0,0,0,0,0.735,0,0.42,0,1.078,1.12,0,104.3,104.3,104.3,0.91,6.65,0.91,3.1,45.06684,0,0,0,0,0,0,0,0,0,0,0,0,0,0,0,0,0,0,0,0,0,0,0,0,0,0,0,0,0,0,16.0006,37.71794872,37.72307692,51.6,51.6,44.77565409,47.1,47.1,43.74205128,47.1,43.74205128,0.007076923,0.007076923,31.2,50.53414904,61.50998401,0.15832,0.267165,0.920235,2.981,0,0,0,0,0,7.7181,7.7181,7.7181,0,0,0.01979,0.094992,38.3679,38.3679,0.047496,0.51,2.23,0,0,2.6703,2.469906,2.469906,5.64246,0,8.20008,8.20008,8.20008,8.20008,8.20008,8.20008,15.94,312,203.406456,565.9026631,0,0,0,0,101.1816923,0,0,0.01012,0,0,0,0,0,0,0,0,0,0,0,0,0,0,0,0,0,0,0,0,0,0,0,0,0,0,0,0,0,0,0,0,0,0,0,0,0,0,0,0,0,0,0,0,0,0,0,0,0,0,0,0,0,0,0,0,0,0,0,0,0,0,0,0,0,0,0,0,0,0,0,0,0,0,0,0,5.516256916,23.20315325,4.097875424,1.648853822,0.95412385,9.57841748,8.72139548,14.90409866,13.90117547,14.09410525,9.392822933,56.41369869,20.61257573,4.253402923,6.575269813,0.118156615,32.15990592
23,0,0,0,0,0,0,2.0001,0.78003,0.78003,0.78003,0.379992,0.379992,0.379992,0.83995,0,0,0,0,0.36999,0.36999,0.36999,0.36999,0.45,0.45,0,1.69005,1.69005,1.69005,1.69005,1.69005,1.69005,1.20004,1.6,1.6,1.6,1.6,0.80997,0.80997,0.80997,0,0.90992,0.90992,2.85,1.160114,1.160114,0.60996,2.3499,2.3499,0,0,0,1.7199,2.49,2.49,2.49,2.54978,2.0301,2.0301,4.6,3,0.47,0,0,0,312.096,0,0,0,0,0,0,500.02176,0,0,0,0,943.5,0,543.0444622,140,0,315,677.8,636,623.82717,0,655,0,0,0,321.99685,0,0,688.3,570.01,651.968,636,77.49386267,0,751.1,0,0,0,0,0,0,0,0,0,0,0,0,0,0,0,0,0,0,0,0,0,0,0,0,0,0,0,0,0,0,0,0,0,0,0,0,0,0,0,0,45.06684,0,0,0,0,0,0,0,0,0,0,0,0,0,0,0,0,0,0,0,0,0,0,0,0,0,0,0,0,0,0,16.0006,0,0,0,0,0,0,0,0,0,0,0,0,0,0,0,0.18496,0.31212,1.07508,2.7225,0,0,0,0,0,9.0168,9.0168,9.0168,0,0,0.02312,0.110976,36.48064,36.48064,0.055488,0.51,2.23,0,0,2.56335,2.420715,2.420715,5.41647,0,0,0,0,0,0,0,15.94,307.1300822,191.8268444,495.699263,0,0,0,0,86.666816,0,0,0.01012,0,0,0,0,0,0,0,0,0,0,0,0,0,0,0,0,0,0,0,0,0,0,0,0,0,0,0,0,0,0,0,0,0,0,0,0,0,0,0,0,0,0,0,0,0,0,0,0,0,0,0,0,0,0,0,0,0,0,0,0,0,0,0,0,0,0,0,0,0,0,0,0,0,0,0,0,5.58202936,23.32967474,4.031420562,1.624163733,0.946526327,9.99691891,8.774667899,14.7470042,13.73603204,13.9454191,9.426063418,58.71536945,21.73627635,4.178995043,6.791899411,0.134208847,30.56840051
