,GEN_BUS,PG,QG,QMAX,QMIN,VG,MBASE,GEN_STATUS,PMAX,PMIN,PC1,PC2,QC1MIN,QC1MAX,QC2MIN,QC2MAX,RAMP_AGC,RAMP_10,RAMP_30,RAMP_Q,APF,STARTUP_RAMP,SHUTDOWN_RAMP,MINIMUM_UP_TIME,MINIMUM_DOWN_TIME,MODEL,STARTUP,SHUTDOWN,NCOST,COST_0,COST_1,COST_2,COST_3,COST_4,COST_5,COST_6,COST_7,COST_8,COST_9,COST_10,COST_11,RESERVE_PRICE,REGULATION_PRICE,VOM,GEN_TYPE
Biomass 01,Bus12,3,0,0,0,1,100,1,3,0.9,0,0,0,0,0,0,3,3,3,3,0,3,3,1,1,1,15.9,15.9,2,0.9,26.184,3,87.2688,0,0,0,0,0,0,0,0,2,1.5,1.91,Thermal
Biomass 02,Bus12,3,0,0,0,1,100,1,3,0.9,0,0,0,0,0,0,3,3,3,3,0,3,3,1,1,1,15.9,15.9,2,0.9,26.184,3,87.2688,0,0,0,0,0,0,0,0,2,1.5,1.91,Thermal
Biomass 03,Bus103,1.2,0,0,0,1,100,1,1.2,0.36,0,0,0,0,0,0,1.2,1.2,1.2,1.2,0,1.2,1.2,1,1,1,6.36,6.36,2,0.36,10.464,1.2,34.89792,0,0,0,0,0,0,0,0,2,1.5,1.91,Thermal
Biomass 04,Bus103,1.2,0,0,0,1,100,1,1.2,0.36,0,0,0,0,0,0,1.2,1.2,1.2,1.2,0,1.2,1.2,1,1,1,6.36,6.36,2,0.36,10.464,1.2,34.89792,0,0,0,0,0,0,0,0,2,1.5,1.91,Thermal
Biomass 05,Bus12,1.3,0,0,0,1,100,1,1.3,0.26,0,0,0,0,0,0,1.3,1.3,1.3,1.3,0,1.3,1.3,6,6,1,6.89,6.89,2,0.26,11.352,1.3,41.60352,0,0,0,0,0,0,0,0,2,1.5,1.91,Thermal
Biomass 06,Bus12,1.3,0,0,0,1,100,1,1.3,0.26,0,0,0,0,0,0,1.3,1.3,1.3,1.3,0,1.3,1.3,6,6,1,6.89,6.89,2,0.26,11.352,1.3,41.60352,0,0,0,0,0,0,0,0,2,1.5,1.91,Thermal
Biomass 07,Bus12,3,0,0,0,1,100,1,3,0.6,0,0,0,0,0,0,3,3,3,3,0,3,3,6,6,1,15.9,15.9,2,0.6,26.184,3,95.9952,0,0,0,0,0,0,0,0,2,1.5,1.91,Thermal
Biomass 08,Bus12,1.35,0,0,0,1,100,1,1.35,0.27,0,0,0,0,0,0,1.35,1.35,1.35,1.35,0,1.35,1.35,6,6,1,7.16,7.16,2,0.27,11.784,1.35,43.19904,0,0,0,0,0,0,0,0,2,1.5,1.91,Thermal
Biomass 09,Bus12,1.35,0,0,0,1,100,1,1.35,0.27,0,0,0,0,0,0,1.35,1.35,1.35,1.35,0,1.35,1.35,6,6,1,7.16,7.16,2,0.27,11.784,1.35,43.19904,0,0,0,0,0,0,0,0,2,1.5,1.91,Thermal
Biomass 10,Bus12,1.35,0,0,0,1,100,1,1.35,0.27,0,0,0,0,0,0,1.35,1.35,1.35,1.35,0,1.35,1.35,6,6,1,7.16,7.16,2,0.27,11.784,1.35,43.19904,0,0,0,0,0,0,0,0,2,1.5,1.91,Thermal
Biomass 11,Bus12,0.71,0,0,0,1,100,1,0.71,0.14,0,0,0,0,0,0,0.71,0.71,0.71,0.71,0,0.71,0.71,6,6,1,3.76,3.76,2,0.14,6.192,0.71,22.77216,0,0,0,0,0,0,0,0,2,1.5,1.91,Thermal
Biomass 12,Bus12,0.71,0,0,0,1,100,1,0.71,0.14,0,0,0,0,0,0,0.71,0.71,0.71,0.71,0,0.71,0.71,6,6,1,3.76,3.76,2,0.14,6.192,0.71,22.77216,0,0,0,0,0,0,0,0,2,1.5,1.91,Thermal
Biomass 13,Bus12,0.71,0,0,0,1,100,1,0.71,0.14,0,0,0,0,0,0,0.71,0.71,0.71,0.71,0,0.71,0.71,6,6,1,3.76,3.76,2,0.14,6.192,0.71,22.77216,0,0,0,0,0,0,0,0,2,1.5,1.91,Thermal
Biomass 14,Bus12,1.57,0,0,0,1,100,1,1.57,0.31,0,0,0,0,0,0,1.57,1.57,1.57,1.57,0,1.57,1.57,6,6,1,8.32,8.32,2,0.31,13.704,1.57,50.35488,0,0,0,0,0,0,0,0,2,1.5,1.91,Thermal
Biomass 15,Bus12,0.65,0,0,0,1,100,1,0.65,0.13,0,0,0,0,0,0,0.65,0.65,0.65,0.65,0,0.65,0.65,6,6,1,3.45,3.45,2,0.13,5.664,0.65,20.78976,0,0,0,0,0,0,0,0,2,1.5,1.91,Thermal
Biomass 16,Bus12,0.65,0,0,0,1,100,1,0.65,0.13,0,0,0,0,0,0,0.65,0.65,0.65,0.65,0,0.65,0.65,6,6,1,3.45,3.45,2,0.13,5.664,0.65,20.78976,0,0,0,0,0,0,0,0,2,1.5,1.91,Thermal
Biomass 17,Bus12,0.65,0,0,0,1,100,1,0.65,0.13,0,0,0,0,0,0,0.65,0.65,0.65,0.65,0,0.65,0.65,6,6,1,3.45,3.45,2,0.13,5.664,0.65,20.78976,0,0,0,0,0,0,0,0,2,1.5,1.91,Thermal
Biomass 18,Bus12,0.65,0,0,0,1,100,1,0.65,0.13,0,0,0,0,0,0,0.65,0.65,0.65,0.65,0,0.65,0.65,6,6,1,3.45,3.45,2,0.13,5.664,0.65,20.78976,0,0,0,0,0,0,0,0,2,1.5,1.91,Thermal
Biomass 19,Bus12,0.45,0,0,0,1,100,1,0.45,0.09,0,0,0,0,0,0,0.45,0.45,0.45,0.45,0,0.45,0.45,6,6,1,2.39,2.39,2,0.09,3.936,0.45,14.40768,0,0,0,0,0,0,0,0,2,1.5,1.91,Thermal
Biomass 20,Bus12,0.45,0,0,0,1,100,1,0.45,0.09,0,0,0,0,0,0,0.45,0.45,0.45,0.45,0,0.45,0.45,6,6,1,2.39,2.39,2,0.09,3.936,0.45,14.40768,0,0,0,0,0,0,0,0,2,1.5,1.91,Thermal
Biomass 21,Bus12,0.45,0,0,0,1,100,1,0.45,0.09,0,0,0,0,0,0,0.45,0.45,0.45,0.45,0,0.45,0.45,6,6,1,2.39,2.39,2,0.09,3.936,0.45,14.40768,0,0,0,0,0,0,0,0,2,1.5,1.91,Thermal
Biomass 22,Bus12,0.45,0,0,0,1,100,1,0.45,0.09,0,0,0,0,0,0,0.45,0.45,0.45,0.45,0,0.45,0.45,6,6,1,2.39,2.39,2,0.09,3.936,0.45,14.40768,0,0,0,0,0,0,0,0,2,1.5,1.91,Thermal
Biomass 23,Bus12,1,0,0,0,1,100,1,1,0.2,0,0,0,0,0,0,1,1,1,1,0,1,1,6,6,1,5.3,5.3,2,0.2,8.736,1,32.0064,0,0,0,0,0,0,0,0,2,1.5,1.91,Thermal
Biomass 24,Bus12,1,0,0,0,1,100,1,1,0.2,0,0,0,0,0,0,1,1,1,1,0,1,1,6,6,1,5.3,5.3,2,0.2,8.736,1,32.0064,0,0,0,0,0,0,0,0,2,1.5,1.91,Thermal
Biomass 25,Bus12,1,0,0,0,1,100,1,1,0.2,0,0,0,0,0,0,1,1,1,1,0,1,1,6,6,1,5.3,5.3,2,0.2,8.736,1,32.0064,0,0,0,0,0,0,0,0,2,1.5,1.91,Thermal
Biomass 26,Bus12,1.9,0,0,0,1,100,1,1.9,0.57,0,0,0,0,0,0,1.9,1.9,1.9,1.9,0,1.9,1.9,8,8,1,10.07,10.07,4,0.57,23.256,0.95,34.03513776,1.52,51.02869368,1.9,63.62770008,0,0,0,0,2,1.5,1.91,Thermal
Biomass 27,Bus12,1.9,0,0,0,1,100,1,1.9,0.57,0,0,0,0,0,0,1.9,1.9,1.9,1.9,0,1.9,1.9,8,8,1,10.07,10.07,4,0.57,23.256,0.95,34.03513776,1.52,51.02869368,1.9,63.62770008,0,0,0,0,2,1.5,1.91,Thermal
Biomass 28,Bus12,1.9,0,0,0,1,100,1,1.9,0.57,0,0,0,0,0,0,1.9,1.9,1.9,1.9,0,1.9,1.9,8,8,1,10.07,10.07,4,0.57,23.256,0.95,34.03513776,1.52,51.02869368,1.9,63.62770008,0,0,0,0,2,1.5,1.91,Thermal
Biomass 29,Bus12,1.9,0,0,0,1,100,1,1.9,0.57,0,0,0,0,0,0,1.9,1.9,1.9,1.9,0,1.9,1.9,8,8,1,10.07,10.07,4,0.57,23.256,0.95,34.03513776,1.52,51.02869368,1.9,63.62770008,0,0,0,0,2,1.5,1.91,Thermal
Biomass 30,Bus12,1.9,0,0,0,1,100,1,1.9,0.57,0,0,0,0,0,0,1.9,1.9,1.9,1.9,0,1.9,1.9,8,8,1,10.07,10.07,4,0.57,23.256,0.95,34.03513776,1.52,51.02869368,1.9,63.62770008,0,0,0,0,2,1.5,1.91,Thermal
Biomass 31,Bus12,1.9,0,0,0,1,100,1,1.9,0.57,0,0,0,0,0,0,1.9,1.9,1.9,1.9,0,1.9,1.9,8,8,1,10.07,10.07,4,0.57,23.256,0.95,34.03513776,1.52,51.02869368,1.9,63.62770008,0,0,0,0,2,1.5,1.91,Thermal
Biomass 32,Bus12,1.9,0,0,0,1,100,1,1.9,0.57,0,0,0,0,0,0,1.9,1.9,1.9,1.9,0,1.9,1.9,6,6,1,10.07,10.07,2,0.57,16.584,1.9,55.27104,0,0,0,0,0,0,0,0,2,1.5,1.91,Thermal
Biomass 33,Bus103,1.6,0,0,0,1,100,1,1.6,0.48,0,0,0,0,0,0,1.6,1.6,1.6,1.6,0,1.6,1.6,5,8,1,8.48,8.48,2,0.48,13.656,1.6,45.52224,0,0,0,0,0,0,0,0,2,1.5,1.91,Thermal
Biomass 34,Bus103,1.6,0,0,0,1,100,1,1.6,0.48,0,0,0,0,0,0,1.6,1.6,1.6,1.6,0,1.6,1.6,5,8,1,8.48,8.48,2,0.48,13.656,1.6,45.52224,0,0,0,0,0,0,0,0,2,1.5,1.91,Thermal
Biomass 35,Bus103,1.6,0,0,0,1,100,1,1.6,0.48,0,0,0,0,0,0,1.6,1.6,1.6,1.6,0,1.6,1.6,5,8,1,8.48,8.48,2,0.48,13.656,1.6,45.52224,0,0,0,0,0,0,0,0,2,1.5,1.91,Thermal
Biomass 36,Bus103,1.6,0,0,0,1,100,1,1.6,0.48,0,0,0,0,0,0,1.6,1.6,1.6,1.6,0,1.6,1.6,5,8,1,8.48,8.48,2,0.48,13.656,1.6,45.52224,0,0,0,0,0,0,0,0,2,1.5,1.91,Thermal
Biomass 37,Bus103,0.95,0,0,0,1,100,1,0.95,0.28,0,0,0,0,0,0,0.95,0.95,0.95,0.95,0,0.95,0.95,6,6,1,5.04,5.04,2,0.28,8.28,0.95,27.76896,0,0,0,0,0,0,0,0,2,1.5,1.91,Thermal
Biomass 38,Bus103,0.95,0,0,0,1,100,1,0.95,0.19,0,0,0,0,0,0,0.95,0.95,0.95,0.95,0,0.95,0.95,6,6,1,5.04,5.04,2,0.19,8.28,0.95,30.38688,0,0,0,0,0,0,0,0,2,1.5,1.91,Thermal
Biomass 39,Bus103,0.95,0,0,0,1,100,1,0.95,0.19,0,0,0,0,0,0,0.95,0.95,0.95,0.95,0,0.95,0.95,6,6,1,5.04,5.04,2,0.19,8.28,0.95,30.38688,0,0,0,0,0,0,0,0,2,1.5,1.91,Thermal
Biomass 40,Bus103,0.95,0,0,0,1,100,1,0.95,0.19,0,0,0,0,0,0,0.95,0.95,0.95,0.95,0,0.95,0.95,6,6,1,5.04,5.04,2,0.19,8.28,0.95,30.38688,0,0,0,0,0,0,0,0,2,1.5,1.91,Thermal
Biomass 41,Bus103,1.88,0,0,0,1,100,1,1.88,0.56,0,0,0,0,0,0,1.88,1.88,1.88,1.88,0,1.88,1.88,8,8,1,9.96,9.96,2,0.56,16.416,1.88,54.81216,0,0,0,0,0,0,0,0,2,1.5,1.91,Thermal
Biomass 42,Bus103,1.88,0,0,0,1,100,1,1.88,0.56,0,0,0,0,0,0,1.88,1.88,1.88,1.88,0,1.88,1.88,8,8,1,9.96,9.96,2,0.56,16.416,1.88,54.81216,0,0,0,0,0,0,0,0,2,1.5,1.91,Thermal
Biomass 43,Bus103,3.75,0,0,0,1,100,1,3.75,1.12,0,0,0,0,0,0,3.75,3.75,3.75,3.75,0,3.75,3.75,8,8,1,19.88,19.88,4,1.12,40.344,1.88,59.29441152,3,88.64602752,3.75,110.5044355,0,0,0,0,2,1.5,1.91,Thermal
Biomass 44,Bus103,2.29,0,0,0,1,100,1,2.29,0.69,0,0,0,0,0,0,2.29,2.29,2.29,2.29,0,2.29,2.29,5,8,1,12.14,12.14,2,0.69,19.992,2.29,66.5328,0,0,0,0,0,0,0,0,2,1.5,1.91,Thermal
Biomass 45,Bus103,2.29,0,0,0,1,100,1,2.29,0.69,0,0,0,0,0,0,2.29,2.29,2.29,2.29,0,2.29,2.29,5,8,1,12.14,12.14,2,0.69,19.992,2.29,66.5328,0,0,0,0,0,0,0,0,2,1.5,1.91,Thermal
Biomass 46,Bus103,1.2,0,0,0,1,100,1,1.2,0.36,0,0,0,0,0,0,1.2,1.2,1.2,1.2,0,1.2,1.2,5,8,1,6.36,6.36,2,0.36,10.464,1.2,34.89792,0,0,0,0,0,0,0,0,2,1.5,1.91,Thermal
Biomass 47,Bus103,3,0,0,0,1,100,1,3,0.9,0,0,0,0,0,0,3,3,3,3,0,3,3,5,8,1,15.9,15.9,2,0.9,29.904,3,99.70296,0,0,0,0,0,0,0,0,2,1.5,1.91,Thermal
Biomass 48,Bus103,3,0,0,0,1,100,1,3,0.9,0,0,0,0,0,0,3,3,3,3,0,3,3,5,8,1,15.9,15.9,2,0.9,29.904,3,99.70296,0,0,0,0,0,0,0,0,2,1.5,1.91,Thermal
Biomass 49,Bus103,1.6,0,0,0,1,100,1,1.6,0.32,0,0,0,0,0,0,1.6,1.6,1.6,1.6,0,1.6,1.6,6,6,1,8.48,8.48,2,0.32,13.968,1.6,51.20064,0,0,0,0,0,0,0,0,2,1.5,1.91,Thermal
Biomass 50,Bus103,0.9,0,0,0,1,100,1,0.9,0.27,0,0,0,0,0,0,0.9,0.9,0.9,0.9,0,0.9,0.9,6,6,1,4.77,4.77,2,0.27,7.848,0.9,26.17344,0,0,0,0,0,0,0,0,2,1.5,1.91,Thermal
Biomass 51,Bus103,0.9,0,0,0,1,100,1,0.9,0.18,0,0,0,0,0,0,0.9,0.9,0.9,0.9,0,0.9,0.9,6,6,1,4.77,4.77,2,0.18,7.848,0.9,28.79136,0,0,0,0,0,0,0,0,2,1.5,1.91,Thermal
Biomass 52,Bus103,3,0,0,0,1,100,1,3,0.9,0,0,0,0,0,0,3,3,3,3,0,3,3,6,6,1,15.9,15.9,2,0.9,26.184,3,87.2688,0,0,0,0,0,0,0,0,2,1.5,1.91,Thermal
Biomass 53,Bus34,3,0,0,0,1,100,1,3,0.6,0,0,0,0,0,0,3,3,3,3,0,3,3,6,6,1,15.9,15.9,2,0.6,26.184,3,95.9952,0,0,0,0,0,0,0,0,2,1.5,1.91,Thermal
Biomass 54,Bus34,3,0,0,0,1,100,1,3,0.6,0,0,0,0,0,0,3,3,3,3,0,3,3,6,6,1,15.9,15.9,2,0.6,26.184,3,95.9952,0,0,0,0,0,0,0,0,2,1.5,1.91,Thermal
Biomass 55,Bus34,3,0,0,0,1,100,1,3,0.6,0,0,0,0,0,0,3,3,3,3,0,3,3,6,6,1,15.9,15.9,2,0.6,26.184,3,95.9952,0,0,0,0,0,0,0,0,2,1.5,1.91,Thermal
Biomass 56,Bus12,4.6,0,0,0,1,100,1,4.6,1.38,0,0,0,0,0,0,4.6,4.6,4.6,4.6,0,4.6,4.6,8,8,1,24.38,24.38,2,1.38,40.152,4.6,133.81536,0,0,0,0,0,0,0,0,2,1.5,1.91,Thermal
Biomass 57,Bus12,3,0,0,0,1,100,1,3,0.9,0,0,0,0,0,0,3,3,3,3,0,3,3,8,8,1,15.9,15.9,2,0.9,26.184,3,87.2688,0,0,0,0,0,0,0,0,2,1.5,1.91,Thermal
Biomass 58,Bus12,3,0,0,0,1,100,1,3,0.9,0,0,0,0,0,0,3,3,3,3,0,3,3,8,8,1,15.9,15.9,2,0.9,26.184,3,87.2688,0,0,0,0,0,0,0,0,2,1.5,1.91,Thermal
Biomass 59,Bus12,4.6,0,0,0,1,100,1,4.6,1.38,0,0,0,0,0,0,4.6,4.6,4.6,4.6,0,4.6,4.6,8,8,1,24.38,24.38,2,1.38,40.152,4.6,133.81536,0,0,0,0,0,0,0,0,2,1.5,1.91,Thermal
Biomass 60,Bus12,3,0,0,0,1,100,1,3,0.9,0,0,0,0,0,0,3,3,3,3,0,3,3,8,8,1,15.9,15.9,2,0.9,26.184,3,87.2688,0,0,0,0,0,0,0,0,2,1.5,1.91,Thermal
Biomass 61,Bus103,1.88,0,0,0,1,100,1,1.88,0.56,0,0,0,0,0,0,1.88,1.88,1.88,1.88,0,1.88,1.88,8,8,1,9.96,9.96,2,0.56,16.416,1.88,54.81216,0,0,0,0,0,0,0,0,2,1.5,1.91,Thermal
Biomass 62,Bus34,7.5,0,0,0,1,100,1,7.5,2.25,0,0,0,0,0,0,7.5,7.5,7.5,7.5,0,7.5,7.5,5,8,1,39.75,39.75,2,2.25,72.912,7.5,243.012,0,0,0,0,0,0,0,0,2,1.5,1.91,Thermal
CC NG 01,Bus12,41.5,0,0,0,1,100,1,41.5,12.45,0,0,0,0,0,0,16.8,16.8,16.8,16.8,0,16.8,16.8,8,6,1,3475.54,3475.54,2,12.45,1710.612,41.5,2728.54143,0,0,0,0,0,0,0,0,2,1.5,1.08,Thermal
CC NG 03,Bus12,126.98,0,0,0,1,100,1,126.98,125.71,0,0,0,0,0,0,64.2,64.2,64.2,64.2,0,64.2,64.2,8,4,1,10634.31,10634.31,2,125.71,4414.176,126.98,4449.48407,0,0,0,0,0,0,0,0,2,1.5,1.08,Thermal
CC NG 04,Bus12,320,0,0,0,1,100,1,320,160,0,0,0,0,0,0,150,150,150,150,0,150,150,8,4,1,26799.33,26799.33,2,160,7049.862,320,12631.66488,0,0,0,0,0,0,0,0,2,1.5,1.08,Thermal
CC NG 05,Bus74,100,0,0,0,1,100,1,100,30,0,0,0,0,0,0,43.8,43.8,43.8,43.8,0,43.8,43.8,12,8,1,8374.79,8374.79,2,30,3475.062,100,5504.87286,0,0,0,0,0,0,0,0,2,1.5,1.08,Thermal
CC NG 06,Bus12,13.5,0,0,0,1,100,1,13.5,4.05,0,0,0,0,0,0,13.5,13.5,13.5,13.5,0,13.5,13.5,6,6,1,1130.6,1130.6,5,4.05,210.06,4.32,224.0953641,7.29,379.4243564,9.86,514.9433039,13.5,710.0369663,0,0,2,1.5,1.08,Thermal
CC NG 07,Bus103,55.1,0,0,0,1,100,1,55.1,54.55,0,0,0,0,0,0,24,24,24,24,0,24,24,8,4,1,4614.51,4614.51,2,54.55,2730.942,55.1,2750.21433,0,0,0,0,0,0,0,0,2,1.5,1.08,Thermal
CC NG 08,Bus112,14.3,0,0,0,1,100,1,14.3,4.29,0,0,0,0,0,0,14.3,14.3,14.3,14.3,0,14.3,14.3,6,6,1,1197.59,1197.59,2,4.29,349.542,14.3,736.9713423,0,0,0,0,0,0,0,0,2,1.5,1.08,Thermal
CC NG 09,Bus107,33,0,0,0,1,100,1,33,9.9,0,0,0,0,0,0,33,33,33,33,0,33,33,6,6,1,2763.68,2763.68,2,9.9,806.598,33,1700.665713,0,0,0,0,0,0,0,0,2,1.5,1.08,Thermal
CC NG 10,Bus36,71.51,0,0,0,1,100,1,71.51,21.45299911,0,0,0,0,0,0,71.51,71.51,71.51,71.51,0,71.51,71.51,8,4,1,5988.812988,5988.812988,3,21.45299911,1116.369,65.54,3182.999767,71.51,3464.449435,0,0,0,0,0,0,2,1.5,1.081302047,Thermal
CC NG 11,Bus66,596.4,0,0,0,1,100,1,596.4,328.02,0,0,0,0,0,0,150,150,150,150,0,150,150,8,4,1,49947.25,49947.25,5,328.02,14095.458,395.12,16129.71447,462.21,18327.26527,529.3,20690.6235,596.4,23220.24224,0,0,2,1.5,1.08,Thermal
CC NG 12,Bus46,150,0,0,0,1,100,1,150,60,0,0,0,0,0,0,150,150,150,150,0,150,150,8,4,1,12562.18,12562.18,4,60,4194.558,87.92,5532.244065,116.94,7000.414676,150,8819.07794,0,0,0,0,2,1.5,1.08,Thermal
CC NG 13,Bus12,57.3,0,0,0,1,100,1,57.3,56.73,0,0,0,0,0,0,24,24,24,24,0,24,24,8,6,1,4798.75,4798.75,2,56.73,2361.852,57.3,2381.825142,0,0,0,0,0,0,0,0,2,1.5,1.08,Thermal
CC NG 14,Bus49,164.75,0,0,0,1,100,1,164.75,65.9,0,0,0,0,0,0,78,78,78,78,0,78,78,8,4,1,13797.47,13797.47,5,65.9,3691.71,109.15,5401.064786,127.68,6192.325063,146.22,7043.745566,164.75,7954.436845,0,0,2,1.5,1.08,Thermal
CC NG 15,Bus34,27,0,0,0,1,100,1,27,8.1,0,0,0,0,0,0,27,27,27,27,0,27,27,2,2,1,2261.19,2261.19,4,8.1,677.268,13.5,980.876088,21.6,1468.654945,27,1826.865133,0,0,0,0,2,1.5,1.08,Thermal
CC NG 16,Bus12,943.5,0,0,0,1,100,1,943.5,503.86,0,0,0,0,0,0,399,399,399,399,0,399,399,8,4,1,79016.14,79016.14,6,503.86,20742.156,606.92,23735.39251,709.98,26969.3813,813.04,30447.37804,916.1,34169.49959,943.5,35501.13959,2,1.5,1.08,Thermal
CC NG 17,Bus25,154.4,0,0,0,1,100,1,154.4,84.92,0,0,0,0,0,0,150,150,150,150,0,150,150,8,4,1,12930.68,12930.68,5,84.92,3937.626,102.29,4505.859912,119.66,5119.798775,137.03,5780.059781,154.4,6486.66544,0,0,2,1.5,1.08,Thermal
CC NG 18,Bus113,619,0,0,0,1,100,1,619,306.4,0,0,0,0,0,0,265.2,265.2,265.2,265.2,0,265.2,265.2,8,4,1,51839.95,51839.95,6,306.4,12742.38,337.84,13664.82734,395.21,15483.44693,452.58,17439.28225,509.95,19532.40146,619,24668.59037,2,1.5,1.08,Thermal
CC NG 19,Bus12,140,0,0,0,1,100,1,140,70.48,0,0,0,0,0,0,52.2,52.2,52.2,52.2,0,52.2,52.2,8,4,1,11724.71,11724.71,6,70.48,2688.714,84.9,3076.790981,99.32,3496.082129,113.74,3947.008708,128.15,4429.251636,140,4905.978416,2,1.5,1.08,Thermal
CC NG 20,Bus25,25.8,0,0,0,1,100,1,25.8,25.54,0,0,0,0,0,0,25.8,25.8,25.8,25.8,0,25.8,25.8,2,2,1,2160.7,2160.7,2,25.54,2110.914,25.8,2120.024556,0,0,0,0,0,0,0,0,2,1.5,1.08,Thermal
CC NG 21,Bus26,315,0,0,0,1,100,1,315,141.75,0,0,0,0,0,0,150,150,150,150,0,150,150,8,4,1,26380.59,26380.59,2,141.75,4495.824,315,12048.16364,0,0,0,0,0,0,0,0,2,1.5,1.08,Thermal
CC NG 22,Bus26,677.8,0,0,0,1,100,1,677.8,385.59,0,0,0,0,0,0,478.2,478.2,478.2,478.2,0,478.2,478.2,8,4,1,56764.33,56764.33,6,385.59,14415.03,433.02,15642.68422,494.88,17351.817,556.74,19168.92617,618.6,21094.01506,677.8,23751.23038,2,1.5,1.08,Thermal
CC NG 23,Bus10,636,0,0,0,1,100,1,636,326.09,0,0,0,0,0,0,340.8,340.8,340.8,340.8,0,340.8,340.8,8,4,1,53263.66,53263.66,6,326.09,13584.348,400.74,15778.31449,468.8,17939.48791,536.85,20263.38289,604.9,22750.39413,636,24275.32796,2,1.5,1.08,Thermal
CC NG 24,Bus25,672.3,0,0,0,1,100,1,672.3,302.54,0,0,0,0,0,0,150,150,150,150,0,150,150,8,4,1,56303.71,56303.71,2,302.54,13062.6,672.3,25703.19391,0,0,0,0,0,0,0,0,2,1.5,1.08,Thermal
CC NG 25,Bus10,32.49,0,0,0,1,100,1,32.49,9.747,0,0,0,0,0,0,13.2,13.2,13.2,13.2,0,13.2,13.2,8,4,1,2720.97,2720.97,2,9.747,1339.2,32.49,2136.128366,0,0,0,0,0,0,0,0,2,1.5,1.08,Thermal
CC NG 26,Bus10,655,0,0,0,1,100,1,655,262,0,0,0,0,0,0,180,180,180,180,0,180,180,8,4,1,54854.88,54854.88,2,262,10186.56,655,25466.4,0,0,0,0,0,0,0,0,2,1.5,1.08,Thermal
CC NG 27,Bus4,34.5,0,0,0,1,100,1,34.5,34.15,0,0,0,0,0,0,15,15,15,15,0,15,15,8,4,1,2889.3,2889.3,2,34.15,1422.036,34.5,1434.30021,0,0,0,0,0,0,0,0,2,1.5,1.08,Thermal
CC NG 28,Bus100,181.5,0,0,0,1,100,1,181.5,99.82499695,0,0,0,0,0,0,150,150,150,150,0,150,150,8,4,1,15200.24023,15200.24023,2,99.82499695,4764.28284,181.5,7850.601194,0,0,0,0,0,0,0,0,2,1.5,1.081302047,Thermal
CC NG 29,Bus107,49.9,0,0,0,1,100,1,49.9,14.97,0,0,0,0,0,0,25.2,25.2,25.2,25.2,0,25.2,25.2,8,6,1,4179.02,4179.02,2,14.97,2056.86,49.9,3280.828158,0,0,0,0,0,0,0,0,2,1.5,1.08,Thermal
CC NG 31,Bus89,336.5,0,0,0,1,100,1,336.5,185.07,0,0,0,0,0,0,150,150,150,150,0,190,190,8,4,1,28181.17,28181.17,5,185.07,7941.888,222.93,9088.088975,260.79,10326.48193,298.64,11657.96219,336.5,13083.27624,0,0,2,1.5,1.08,Thermal
CC NG 32,Bus90,38.55,0,0,0,1,100,1,38.55,11.565,0,0,0,0,0,0,38.55,38.55,38.55,38.55,0,38.55,38.55,2,2,1,3228.48,3228.48,2,11.565,3296.754,38.55,4242.324591,0,0,0,0,0,0,0,0,2,1.5,1.08,Thermal
CC NG 33,Bus90,24.88,0,0,0,1,100,1,24.88,7.464,0,0,0,0,0,0,24.88,24.88,24.88,24.88,0,24.88,24.88,8,8,1,2083.65,2083.65,5,7.464,387.126,24.64,1279.983088,24.72,1284.167034,24.78,1287.3309,24.88,1292.690616,0,0,2,1.5,1.08,Thermal
CC NG 34,Bus87,688.3,0,0,0,1,100,1,688.3,338.08,0,0,0,0,0,0,337.2,337.2,337.2,337.2,0,337.2,337.2,8,4,1,57643.68,57643.68,6,338.08,13711.572,378.24,14860.70398,442.47,16846.39524,506.7,18981.90837,570.92,21266.96039,688.3,26812.71535,2,1.5,1.08,Thermal
CC NG 35,Bus89,595,0,0,0,1,100,1,595,298.29,0,0,0,0,0,0,220.8,220.8,220.8,220.8,0,220.8,220.8,8,4,1,49830,49830,6,298.29,12346.452,359.3,14128.04369,420.32,16053.2502,481.33,18123.37441,542.35,20339.16743,595,22897.95743,2,1.5,1.08,Thermal
CC NG 36,Bus87,668,0,0,0,1,100,1,668,367.4,0,0,0,0,0,0,150,150,150,150,0,150,150,8,4,1,55943.6,55943.6,5,367.4,15218.334,442.55,17414.48438,517.7,19787.27574,592.85,22339.09424,668,25070.02916,0,0,2,1.5,1.08,Thermal
CC NG 37,Bus65,636,0,0,0,1,100,1,636,298.19,0,0,0,0,0,0,400.8,400.8,400.8,400.8,0,400.8,400.8,8,4,1,53263.66,53263.66,6,298.19,12103.506,363.43,13934.22273,460.34,16856.35054,533.03,19200.22142,593.6,21279.98286,636,23339.87416,2,1.5,1.08,Thermal
CC NG 38,Bus49,98.2,0,0,0,1,100,1,98.2,42.69,0,0,0,0,0,0,98.2,98.2,98.2,98.2,0,98.2,98.2,8,4,1,8224.04,8224.04,6,42.69,1812.456,51.43,2074.228142,60.16,2356.731763,68.89,2660.550639,77.62,2985.69467,98.2,3985.88267,2,1.5,1.08,Thermal
CC NG 39,Bus18,247,0,0,0,1,100,1,247,74.1,0,0,0,0,0,0,121.8,121.8,121.8,121.8,0,121.8,121.8,8,4,1,20685.73,20685.73,2,74.1,11513.394,247,17571.91374,0,0,0,0,0,0,0,0,2,1.5,1.08,Thermal
CC NG 40,Bus107,751.1,0,0,0,1,100,1,751.1,412.5,0,0,0,0,0,0,111,111,111,111,0,111,111,8,4,1,62810.93,62810.93,5,412.5,5243.616,540.1,9129.535631,631.8,12146.7773,723.5,15391.67302,751.1,16391.43476,0,0,2,1.5,1.08,Thermal
CT NG 01,Bus6,25.4,0,0,0,1,100,1,25.4,11.43,0,0,0,0,0,0,25.4,25.4,25.4,25.4,0,25.4,25.4,2,2,1,861.65,861.65,4,11.43,718.74,17.78,1026.612422,22.86,1286.68863,25.4,1428.085914,0,0,0,0,2,1.5,0.7,Thermal
CT NG 02,Bus18,25.4,0,0,0,1,100,1,25.4,11.43,0,0,0,0,0,0,25.4,25.4,25.4,25.4,0,25.4,25.4,2,2,1,861.65,861.65,4,11.43,717.984,17.57,1015.357843,22.65,1275.157537,25.4,1428.082391,0,0,0,0,2,1.5,0.7,Thermal
CT NG 03,Bus4,24.75,0,0,0,1,100,1,24.75,11.14,0,0,0,0,0,0,24.75,24.75,24.75,24.75,0,24.75,24.75,2,2,1,839.6,839.6,4,11.14,700.38,17.32,1000.010168,22.27,1253.430883,24.75,1391.488074,0,0,0,0,2,1.5,0.7,Thermal
CT NG 04,Bus4,24.75,0,0,0,1,100,1,24.75,11.14,0,0,0,0,0,0,24.75,24.75,24.75,24.75,0,24.75,24.75,2,2,1,839.6,839.6,4,11.14,700.38,17.32,1000.010168,22.27,1253.430883,24.75,1391.488074,0,0,0,0,2,1.5,0.7,Thermal
CT NG 05,Bus4,49.9,0,0,0,1,100,1,49.9,14.97,0,0,0,0,0,0,49.9,49.9,49.9,49.9,0,49.9,49.9,2,2,1,1692.77,1692.77,4,14.97,1372.95,24.95,1921.510201,39.92,2811.179277,49.9,3505.298536,0,0,0,0,2,1.5,0.7,Thermal
CT NG 06,Bus6,49.9,0,0,0,1,100,1,49.9,14.97,0,0,0,0,0,0,49.9,49.9,49.9,49.9,0,49.9,49.9,2,2,1,1692.77,1692.77,4,14.97,1372.95,24.95,1921.510201,39.92,2811.179277,49.9,3505.298536,0,0,0,0,2,1.5,0.7,Thermal
CT NG 07,Bus6,49.9,0,0,0,1,100,1,49.9,14.97,0,0,0,0,0,0,49.9,49.9,49.9,49.9,0,49.9,49.9,2,2,1,1692.77,1692.77,4,14.97,1372.95,24.95,1921.510201,39.92,2811.179277,49.9,3505.298536,0,0,0,0,2,1.5,0.7,Thermal
CT NG 08,Bus8,50,0,0,0,1,100,1,50,15,0,0,0,0,0,0,50,50,50,50,0,50,50,2,2,1,1696.16,1696.16,4,15,1312.092,25,1850.66532,40,2752.77528,50,3432.4668,0,0,0,0,2,1.5,0.7,Thermal
CT NG 09,Bus8,50,0,0,0,1,100,1,50,25,0,0,0,0,0,0,50,50,50,50,0,50,50,1,1,1,1696.16,1696.16,4,25,1382.4,29.26,1584.197069,36.33,1937.839883,50,2681.345852,0,0,0,0,2,1.5,0.7,Thermal
CT NG 10,Bus8,50,0,0,0,1,100,1,50,25,0,0,0,0,0,0,50,50,50,50,0,50,50,1,1,1,1696.16,1696.16,4,25,1382.4,29.26,1584.197069,36.33,1937.839883,50,2681.345852,0,0,0,0,2,1.5,0.7,Thermal
CT NG 11,Bus10,50,0,0,0,1,100,1,50,25,0,0,0,0,0,0,50,50,50,50,0,50,50,1,1,1,1696.16,1696.16,4,25,1382.4,29.26,1584.197069,36.33,1937.839883,50,2681.345852,0,0,0,0,2,1.5,0.7,Thermal
CT NG 12,Bus10,50,0,0,0,1,100,1,50,25,0,0,0,0,0,0,50,50,50,50,0,50,50,1,1,1,1696.16,1696.16,4,25,1382.4,29.26,1584.197069,36.33,1937.839883,50,2681.345852,0,0,0,0,2,1.5,0.7,Thermal
CT NG 13,Bus6,21.6,0,0,0,1,100,1,21.6,6.48,0,0,0,0,0,0,21.6,21.6,21.6,21.6,0,21.6,21.6,1,1,1,732.74,732.74,4,6.48,566.838,21.45,1373.08226,21.54,1378.49492,21.6,1382.573069,0,0,0,0,2,1.5,0.7,Thermal
CT NG 14,Bus6,21.6,0,0,0,1,100,1,21.6,6.48,0,0,0,0,0,0,21.6,21.6,21.6,21.6,0,21.6,21.6,1,1,1,732.74,732.74,4,6.48,566.838,21.45,1373.08226,21.54,1378.49492,21.6,1382.573069,0,0,0,0,2,1.5,0.7,Thermal
CT NG 15,Bus25,21.6,0,0,0,1,100,1,21.6,6.48,0,0,0,0,0,0,21.6,21.6,21.6,21.6,0,21.6,21.6,1,1,1,732.74,732.74,4,6.48,566.838,21.45,1373.08226,21.54,1378.49492,21.6,1382.573069,0,0,0,0,2,1.5,0.7,Thermal
CT NG 16,Bus25,49.9,0,0,0,1,100,1,49.9,22.45,0,0,0,0,0,0,49.9,49.9,49.9,49.9,0,49.9,49.9,2,2,1,1692.77,1692.77,4,22.45,1412.046,34.93,2017.124398,44.91,2528.061516,49.9,2805.845944,0,0,0,0,2,1.5,0.7,Thermal
CT NG 17,Bus4,6.9,0,0,0,1,100,1,6.9,3.11,0,0,0,0,0,0,6.9,6.9,6.9,6.9,0,6.9,6.9,1,1,1,234.07,234.07,2,3.11,93.582,6.9,250.1835341,0,0,0,0,0,0,0,0,2,1.5,0.7,Thermal
CT NG 18,Bus4,3.9,0,0,0,1,100,1,3.9,1.75,0,0,0,0,0,0,3.9,3.9,3.9,3.9,0,3.9,3.9,1,1,1,132.3,132.3,2,1.75,52.866,3.9,141.7032819,0,0,0,0,0,0,0,0,2,1.5,0.7,Thermal
CT NG 19,Bus18,3.9,0,0,0,1,100,1,3.9,1.75,0,0,0,0,0,0,3.9,3.9,3.9,3.9,0,3.9,3.9,1,1,1,132.3,132.3,2,1.75,52.866,3.9,141.7032819,0,0,0,0,0,0,0,0,2,1.5,0.7,Thermal
CT NG 20,Bus25,6.9,0,0,0,1,100,1,6.9,3.11,0,0,0,0,0,0,6.9,6.9,6.9,6.9,0,6.9,6.9,1,1,1,234.07,234.07,2,3.11,93.582,6.9,250.1835341,0,0,0,0,0,0,0,0,2,1.5,0.7,Thermal
CT NG 21,Bus85,100,0,0,0,1,100,1,100,20,0,0,0,0,0,0,100,100,100,100,0,100,100,1,1,1,3392.320068,3392.320068,6,20,3251.826,36,3736.458288,52,4241.228688,68,4766.138064,84,5311.185552,100,5876.372016,2,1.5,0.699666023,Thermal
CT NG 22,Bus91,100,0,0,0,1,100,1,100,20,0,0,0,0,0,0,100,100,100,100,0,100,100,1,1,1,3392.32,3392.32,6,20,3251.826,36,3736.458288,52,4241.228688,68,4766.138064,84,5311.185552,100,5876.372016,2,1.5,0.7,Thermal
CT NG 23,Bus91,100,0,0,0,1,100,1,100,20,0,0,0,0,0,0,100,100,100,100,0,100,100,1,1,1,3392.32,3392.32,6,20,3251.826,36,3736.458288,52,4241.228688,68,4766.138064,84,5311.185552,100,5876.372016,2,1.5,0.7,Thermal
CT NG 24,Bus100,100,0,0,0,1,100,1,100,20,0,0,0,0,0,0,100,100,100,100,0,100,100,1,1,1,3392.32,3392.32,6,20,3251.826,36,3736.458288,52,4241.228688,68,4766.138064,84,5311.185552,100,5876.372016,2,1.5,0.7,Thermal
CT NG 25,Bus100,100,0,0,0,1,100,1,100,20,0,0,0,0,0,0,100,100,100,100,0,100,100,1,1,1,3392.32,3392.32,6,20,3251.826,36,3736.458288,52,4241.228688,68,4766.138064,84,5311.185552,100,5876.372016,2,1.5,0.7,Thermal
CT NG 26,Bus100,100,0,0,0,1,100,1,100,20,0,0,0,0,0,0,100,100,100,100,0,100,100,1,1,1,3392.32,3392.32,6,20,3251.826,36,3736.458288,52,4241.228688,68,4766.138064,84,5311.185552,100,5876.372016,2,1.5,0.7,Thermal
CT NG 27,Bus107,1.05,0,0,0,1,100,1,1.05,0,0,0,0,0,0,0,1.05,1.05,1.05,1.05,0,1.05,1.05,1,1,1,35.62,35.62,2,0,5.67,1.05,57.6416493,0,0,0,0,0,0,0,0,2,1.5,0.7,Thermal
CT NG 28,Bus100,44.02,0,0,0,1,100,1,44.02,13.21,0,0,0,0,0,0,44.02,44.02,44.02,44.02,0,44.02,44.02,2,2,1,1493.3,1493.3,4,13.21,1244.916,30.81,2239.281504,39.62,2777.454767,44.02,3092.00913,0,0,0,0,2,1.5,0.7,Thermal
CT NG 29,Bus107,0.6,0,0,0,1,100,1,0.6,0,0,0,0,0,0,0,0.6,0.6,0.6,0.6,0,0.6,0.6,1,1,1,20.35,20.35,2,0,3.24,0.6,32.9457996,0,0,0,0,0,0,0,0,2,1.5,0.7,Thermal
CT NG 30,Bus90,18,0,0,0,1,100,1,18,5.4,0,0,0,0,0,0,18,18,18,18,0,18,18,2,2,1,610.62,610.62,4,5.4,451.494,9,653.899392,14.4,979.0852968,18,1217.892089,0,0,0,0,2,1.5,0.7,Thermal
CT NG 31,Bus107,1.54,0,0,0,1,100,1,1.54,0,0,0,0,0,0,0,1.54,1.54,1.54,1.54,0,1.54,1.54,1,1,1,52.24,52.24,2,0,8.316,1.54,84.53028564,0,0,0,0,0,0,0,0,2,1.5,0.7,Thermal
CT NG 32,Bus107,1.6,0,0,0,1,100,1,1.6,0,0,0,0,0,0,0,1.6,1.6,1.6,1.6,0,1.6,1.6,1,1,1,54.28,54.28,2,0,8.64,1.6,87.8194656,0,0,0,0,0,0,0,0,2,1.5,0.7,Thermal
CT NG 33,Bus107,1.3,0,0,0,1,100,1,1.3,0,0,0,0,0,0,0,1.3,1.3,1.3,1.3,0,1.3,1.3,1,1,1,44.1,44.1,2,0,7.02,1.3,71.3195658,0,0,0,0,0,0,0,0,2,1.5,0.7,Thermal
CT NG 34,Bus100,100,0,0,0,1,100,1,100,45,0,0,0,0,0,0,100,100,100,100,0,100,100,1,1,1,10919.03,10919.03,6,45,2890.512,56,3221.728182,67,3569.012658,78,3932.364834,89,4311.78471,100,4707.27288,2,1.5,0.6,Thermal
CT NG 35,Bus100,100,0,0,0,1,100,1,100,45,0,0,0,0,0,0,100,100,100,100,0,100,100,1,1,1,10919.03,10919.03,6,45,2890.512,56,3221.728182,67,3569.012658,78,3932.364834,89,4311.78471,100,4707.27288,2,1.5,0.6,Thermal
CT NG 36,Bus100,100,0,0,0,1,100,1,100,45,0,0,0,0,0,0,100,100,100,100,0,100,100,1,1,1,10919.03,10919.03,6,45,2890.512,56,3221.728182,67,3569.012658,78,3932.364834,89,4311.78471,100,4707.27288,2,1.5,0.6,Thermal
CT NG 37,Bus107,1.3,0,0,0,1,100,1,1.3,0,0,0,0,0,0,0,1.3,1.3,1.3,1.3,0,1.3,1.3,1,1,1,44.1,44.1,2,0,7.02,1.3,71.3195658,0,0,0,0,0,0,0,0,2,1.5,0.7,Thermal
CT NG 38,Bus90,9.5,0,0,0,1,100,1,9.5,0,0,0,0,0,0,0,9.5,9.5,9.5,9.5,0,9.5,9.5,1,1,1,322.27,322.27,2,0,51.3,9.5,521.380827,0,0,0,0,0,0,0,0,2,1.5,0.7,Thermal
CT NG 39,Bus112,1.3,0,0,0,1,100,1,1.3,0,0,0,0,0,0,0,1.3,1.3,1.3,1.3,0,1.3,1.3,1,1,1,44.1,44.1,2,0,7.02,1.3,71.3195658,0,0,0,0,0,0,0,0,2,1.5,0.7,Thermal
CT NG 40,Bus112,3.1,0,0,0,1,100,1,3.1,0.93,0,0,0,0,0,0,3.1,3.1,3.1,3.1,0,3.1,3.1,1,1,1,105.16,105.16,2,0.93,42.012,3.1,131.6756752,0,0,0,0,0,0,0,0,2,1.5,0.7,Thermal
CT NG 41,Bus40,54,0,0,0,1,100,1,54,16.2,0,0,0,0,0,0,48,48,48,48,0,48,48,8,8,1,1831.85,1831.85,5,16.2,942.192,37.57,1819.08063,43.2,2068.681354,46.96,2247.95471,54,2607.175878,0,0,2,1.5,0.7,Thermal
CT NG 42,Bus36,82.4,0,0,0,1,100,1,82.4,19.78,0,0,0,0,0,0,79.8,79.8,79.8,79.8,0,79.8,79.8,2,2,1,2795.27,2795.27,3,19.78,1328.832,49.44,3006.253597,82.4,4977.702272,0,0,0,0,0,0,2,1.5,0.7,Thermal
CT NG 43,Bus62,25,0,0,0,1,100,1,25,7.5,0,0,0,0,0,0,25,25,25,25,0,25,25,1,1,1,848.08,848.08,3,7.5,838.08,17.17,1321.109032,25,1733.956823,0,0,0,0,0,0,2,1.5,0.7,Thermal
CT NG 44,Bus55,60.35,0,0,0,1,100,1,60.35,27.16,0,0,0,0,0,0,60.35,60.35,60.35,60.35,0,60.35,60.35,2,2,1,2047.27,2047.27,4,27.16,1707.804,42.24,2438.940398,54.31,3056.877373,60.35,3393.113434,0,0,0,0,2,1.5,0.7,Thermal
CT NG 45,Bus55,60.35,0,0,0,1,100,1,60.35,27.16,0,0,0,0,0,0,60.35,60.35,60.35,60.35,0,60.35,60.35,2,2,1,2047.27,2047.27,4,27.16,1707.804,42.24,2438.940398,54.31,3056.877373,60.35,3393.113434,0,0,0,0,2,1.5,0.7,Thermal
CT NG 46,Bus26,180,0,0,0,1,100,1,180,81,0,0,0,0,0,0,180,180,180,180,0,180,180,2,2,1,19654.25,19654.25,6,81,5853.276,100.8,6448.13932,120.6,7066.863976,140.4,7709.449968,160.2,8375.896228,180,9066.203824,2,1.5,0.6,Thermal
CT NG 47,Bus26,180,0,0,0,1,100,1,180,81,0,0,0,0,0,0,180,180,180,180,0,180,180,2,2,1,19654.25,19654.25,6,81,5853.276,100.8,6448.13932,120.6,7066.863976,140.4,7709.449968,160.2,8375.896228,180,9066.203824,2,1.5,0.6,Thermal
CT NG 48,Bus26,180,0,0,0,1,100,1,180,81,0,0,0,0,0,0,180,180,180,180,0,180,180,2,2,1,19654.25,19654.25,6,81,5853.276,100.8,6448.13932,120.6,7066.863976,140.4,7709.449968,160.2,8375.896228,180,9066.203824,2,1.5,0.6,Thermal
CT NG 49,Bus26,180,0,0,0,1,100,1,180,81,0,0,0,0,0,0,180,180,180,180,0,180,180,2,2,1,19654.25,19654.25,6,81,5853.276,100.8,6448.13932,120.6,7066.863976,140.4,7709.449968,160.2,8375.896228,180,9066.203824,2,1.5,0.6,Thermal
CT NG 50,Bus111,49.96,0,0,0,1,100,1,49.96,22.48,0,0,0,0,0,0,49.96,49.96,49.96,49.96,0,49.96,49.96,2,2,1,5455.15,5455.15,4,22.48,1407.672,33.53,1941.108673,43.12,2429.962816,49.96,2809.092019,0,0,0,0,2,1.5,0.6,Thermal
CT NG 51,Bus85,8.57,0,0,0,1,100,1,8.57,2.571,0,0,0,0,0,0,8.57,8.57,8.57,8.57,0,8.57,8.57,8,8,1,935.76,935.76,2,2.571,439.83,8.57,621.1425762,0,0,0,0,0,0,0,0,2,1.5,0.6,Thermal
CT NG 52,Bus85,10.71,0,0,0,1,100,1,10.71,3.213,0,0,0,0,0,0,10.71,10.71,10.71,10.71,0,10.71,10.71,8,8,1,1169.43,1169.43,2,3.213,549.666,10.71,776.2538286,0,0,0,0,0,0,0,0,2,1.5,0.6,Thermal
CT NG 53,Bus85,10.71,0,0,0,1,100,1,10.71,3.213,0,0,0,0,0,0,10.71,10.71,10.71,10.71,0,10.71,10.71,8,8,1,1169.43,1169.43,2,3.213,549.666,10.71,776.2538286,0,0,0,0,0,0,0,0,2,1.5,0.6,Thermal
CT NG 54,Bus111,49.9,0,0,0,1,100,1,49.9,22.45,0,0,0,0,0,0,49.9,49.9,49.9,49.9,0,49.9,49.9,2,2,1,5448.6,5448.6,2,22.45,1418.688,49.9,2791.83291,0,0,0,0,0,0,0,0,2,1.5,0.6,Thermal
CT NG 55,Bus91,15,0,0,0,1,100,1,15,4.5,0,0,0,0,0,0,15,15,15,15,0,15,15,2,2,1,1637.85,1637.85,4,4.5,373.14,9.38,645.2167579,9.38,645.2167579,15,1014.902134,0,0,0,0,2,1.5,0.6,Thermal
CT NG 56,Bus111,46.9,0,0,0,1,100,1,46.9,21.1,0,0,0,0,0,0,46.9,46.9,46.9,46.9,0,46.9,46.9,2,2,1,5121.02,5121.02,4,21.1,1316.52,30.3,1758.985481,38.96,2198.779857,46.9,2637.232406,0,0,0,0,2,1.5,0.6,Thermal
CT NG 66,Bus111,45,0,0,0,1,100,1,45,20.25,0,0,0,0,0,0,45,45,45,45,0,45,45,2,2,1,4913.56,4913.56,4,20.25,1273.428,31.5,1818.871268,40.5,2279.636204,45,2530.143203,0,0,0,0,2,1.5,0.6,Thermal
CT NG 67,Bus111,45,0,0,0,1,100,1,45,20.25,0,0,0,0,0,0,45,45,45,45,0,45,45,2,2,1,4913.56,4913.56,4,20.25,1273.428,31.5,1818.871268,40.5,2279.636204,45,2530.143203,0,0,0,0,2,1.5,0.6,Thermal
CT NG 68,Bus111,46.7,0,0,0,1,100,1,46.7,21.01,0,0,0,0,0,0,46.7,46.7,46.7,46.7,0,46.7,46.7,2,2,1,5099.19,5099.19,4,21.01,1319.706,32.27,1864.894121,41.49,2336.282922,46.7,2625.921608,0,0,0,0,2,1.5,0.6,Thermal
CT NG 69,Bus111,49.5,0,0,0,1,100,1,49.5,22.27,0,0,0,0,0,0,49.5,49.5,49.5,49.5,0,49.5,49.5,2,2,1,5404.92,5404.92,6,22.27,3179.25,27.72,3405.082871,33.16,3632.722195,38.61,3863.004882,44.05,4095.085563,49.5,4329.817772,2,1.5,0.6,Thermal
CT NG 70,Bus111,44.02,0,0,0,1,100,1,44.02,19.81,0,0,0,0,0,0,44.02,44.02,44.02,44.02,0,44.02,44.02,2,2,1,4806.56,4806.56,4,19.81,1239.84,29.65,1714.694115,37.73,2126.428356,44.02,2474.947368,0,0,0,0,2,1.5,0.6,Thermal
CT NG 71,Bus111,44.02,0,0,0,1,100,1,44.02,19.81,0,0,0,0,0,0,44.02,44.02,44.02,44.02,0,44.02,44.02,2,2,1,4806.56,4806.56,4,19.81,1239.84,29.65,1714.694115,37.73,2126.428356,44.02,2474.947368,0,0,0,0,2,1.5,0.6,Thermal
CT NG 72,Bus112,50,0,0,0,1,100,1,50,22.5,0,0,0,0,0,0,50,50,50,50,0,50,50,2,2,1,5459.52,5459.52,6,22.5,3211.38,28,3439.413927,33.5,3669.721092,39,3902.301792,44.5,4137.15573,50,4374.283203,2,1.5,0.6,Thermal
CT NG 73,Bus112,50,0,0,0,1,100,1,50,22.5,0,0,0,0,0,0,50,50,50,50,0,50,50,2,2,1,5459.52,5459.52,6,22.5,3211.38,28,3439.413927,33.5,3669.721092,39,3902.301792,44.5,4137.15573,50,4374.283203,2,1.5,0.6,Thermal
CT NG 74,Bus42,42,0,0,0,1,100,1,42,16.8,0,0,0,0,0,0,42,42,42,42,0,42,42,8,4,1,4585.99,4585.99,5,16.8,921.618,24.02,1201.060201,28.1,1371.673586,32.17,1554.710106,42,2027.81564,0,0,2,1.5,0.6,Thermal
CT NG 75,Bus49,50.4,0,0,0,1,100,1,50.4,21.91,0,0,0,0,0,0,50.4,50.4,50.4,50.4,0,50.4,50.4,1,1,1,5503.19,5503.19,3,21.91,812.43,39.9,1831.137929,50.4,2459.503205,0,0,0,0,0,0,2,1.5,0.6,Thermal
CT Oil 01,Bus26,74.5,0,0,0,1,100,1,74.5,22.35,0,0,0,0,0,0,74.5,74.5,74.5,74.5,0,74.5,74.5,2,2,1,2369.32,2369.32,4,22.35,1954.962,37.25,2757.436247,59.6,4101.580087,74.5,5114.320452,0,0,0,0,2,1.5,1.91,Thermal
CT Oil 02,Bus10,74.5,0,0,0,1,100,1,74.5,22.35,0,0,0,0,0,0,74.5,74.5,74.5,74.5,0,74.5,74.5,2,2,1,2369.32,2369.32,4,22.35,1954.962,37.25,2757.436247,59.6,4101.580087,74.5,5114.320452,0,0,0,0,2,1.5,1.91,Thermal
CT Oil 03,Bus10,74.5,0,0,0,1,100,1,74.5,22.35,0,0,0,0,0,0,74.5,74.5,74.5,74.5,0,74.5,74.5,2,2,1,2369.32,2369.32,4,22.35,1954.962,37.25,2757.436247,59.6,4101.580087,74.5,5114.320452,0,0,0,0,2,1.5,1.91,Thermal
CT Oil 04,Bus54,71.2,0,0,0,1,100,1,71.2,21.36,0,0,0,0,0,0,71.2,71.2,71.2,71.2,0,71.2,71.2,2,2,1,2264.37,2264.37,4,21.36,1785.996,35.6,2586.621773,56.96,3872.912685,71.2,4817.526218,0,0,0,0,2,1.5,1.91,Thermal
CT Oil 05,Bus54,71.2,0,0,0,1,100,1,71.2,21.36,0,0,0,0,0,0,71.2,71.2,71.2,71.2,0,71.2,71.2,2,2,1,2264.37,2264.37,4,21.36,1785.996,35.6,2586.621773,56.96,3872.912685,71.2,4817.526218,0,0,0,0,2,1.5,1.91,Thermal
Geo 01,Bus55,22,0,0,0,1,100,1,22,11,0,0,0,0,0,0,4.2,4.2,4.2,4.2,0,11,11,6,6,1,0,0,2,11,0,22,0,0,0,0,0,0,0,0,0,2,1.5,2.92,Thermal
ICE NG 01,Bus112,3.25,0,0,0,1,100,1,3.25,0,0,0,0,0,0,0,3.25,3.25,3.25,3.25,0,3.25,3.25,1,1,1,34.45,34.45,2,0,17.55,3.25,187.438806,0,0,0,0,0,0,0,0,2,1.5,2.12,Thermal
ICE NG 02,Bus56,8.4,0,0,0,1,100,1,8.4,1.68,0,0,0,0,0,0,8.4,8.4,8.4,8.4,0,8.4,8.4,5,3,1,44.52,44.52,2,1.68,85.374,8.4,372.880921,0,0,0,0,0,0,0,0,2,1.5,1.91,Thermal
ICE NG 03,Bus65,8.4,0,0,0,1,100,1,8.4,1.68,0,0,0,0,0,0,8.4,8.4,8.4,8.4,0,8.4,8.4,5,3,1,44.52,44.52,2,1.68,85.374,8.4,372.880921,0,0,0,0,0,0,0,0,2,1.5,1.91,Thermal
ICE NG 04,Bus65,8.4,0,0,0,1,100,1,8.4,1.68,0,0,0,0,0,0,8.4,8.4,8.4,8.4,0,8.4,8.4,5,3,1,44.52,44.52,2,1.68,85.374,8.4,372.880921,0,0,0,0,0,0,0,0,2,1.5,1.91,Thermal
ICE NG 05,Bus77,8.4,0,0,0,1,100,1,8.4,1.68,0,0,0,0,0,0,8.4,8.4,8.4,8.4,0,8.4,8.4,5,3,1,44.52,44.52,2,1.68,85.374,8.4,372.880921,0,0,0,0,0,0,0,0,2,1.5,1.91,Thermal
ICE NG 06,Bus77,8.4,0,0,0,1,100,1,8.4,1.68,0,0,0,0,0,0,8.4,8.4,8.4,8.4,0,8.4,8.4,5,3,1,44.52,44.52,2,1.68,85.374,8.4,372.880921,0,0,0,0,0,0,0,0,2,1.5,1.91,Thermal
ICE NG 07,Bus34,8.4,0,0,0,1,100,1,8.4,1.68,0,0,0,0,0,0,8.4,8.4,8.4,8.4,0,8.4,8.4,5,3,1,44.52,44.52,2,1.68,85.374,8.4,372.880921,0,0,0,0,0,0,0,0,2,1.5,1.91,Thermal
ST Coal 01,Bus18,20,0,0,0,1,100,1,20,6,0,0,0,0,0,0,20,20,20,20,0,20,20,48,24,1,3116.69,3116.69,6,6,195.84,19.84,449.2306642,19.88,449.9901612,19.92,450.7768123,19.96,451.5906182,20,452.4343214,2,1.5,2.99,Thermal
ST NG 01,Bus70,320,0,0,0,1,100,1,320,25.6,0,0,0,0,0,0,320,320,320,320,0,320,320,12,8,1,25442.4,25442.4,5,25.6,1977.156,100,5598.608587,176.67,9420.226577,253.33,13346.76619,320,16821.58792,0,0,2,1.5,0.98,Thermal
ST NG 02,Bus72,325,0,0,0,1,100,1,325,26,0,0,0,0,0,0,319.8,319.8,319.8,319.8,0,319.8,319.8,12,8,1,25839.94,25839.94,5,26,3096.63,98.42,6539.193783,173.88,10260.73293,249.34,14265.00893,325,18542.64949,0,0,2,1.5,0.98,Thermal
ST NG 03,Bus25,712,0,0,0,1,100,1,712,56.96,0,0,0,0,0,0,709.8,709.8,709.8,709.8,0,709.8,709.8,12,8,1,56609.34,56609.34,5,56.96,6499.872,222.37,14180.22617,392.85,22102.0216,563.34,30580.49919,712,38586.8258,0,0,2,1.5,0.98,Thermal
ST NG 04,Bus19,62.6,0,0,0,1,100,1,62.6,18.78,0,0,0,0,0,0,10.2,10.2,10.2,10.2,0,10.2,10.2,12,8,1,4977.17,4977.17,2,18.78,1877.526,62.6,2890.790759,0,0,0,0,0,0,0,0,2,1.5,0.98,Thermal
ST NG 05,Bus24,62.6,0,0,0,1,100,1,62.6,18.78,0,0,0,0,0,0,10.2,10.2,10.2,10.2,0,10.2,10.2,12,8,1,4977.17,4977.17,2,18.78,1877.526,62.6,2890.790759,0,0,0,0,0,0,0,0,2,1.5,0.98,Thermal
ST NG 06,Bus92,110.25,0,0,0,1,100,1,110.25,8.82,0,0,0,0,0,0,103.2,103.2,103.2,103.2,0,103.2,103.2,12,8,1,8765.7,8765.7,5,8.82,1164.942,32.76,2432.678045,57.87,3812.4053,82.98,5296.184679,110.25,7011.906781,0,0,2,1.5,0.98,Thermal
ST NG 07,Bus92,110.25,0,0,0,1,100,1,110.25,8.82,0,0,0,0,0,0,109.2,109.2,109.2,109.2,0,109.2,109.2,12,8,1,8765.7,8765.7,5,8.82,947.214,32.77,2231.802331,57.9,3612.180716,83.03,5060.137341,110.25,6696.074094,0,0,2,1.5,0.98,Thermal
ST NG 08,Bus92,306,0,0,0,1,100,1,306,24.48,0,0,0,0,0,0,298.8,298.8,298.8,298.8,0,298.8,298.8,12,8,1,24329.29,24329.29,5,24.48,2607.552,91.49,6081.766532,161.64,9811.688892,231.78,13734.25647,306,18073.6683,0,0,2,1.5,0.98,Thermal
ST NG 09,Bus92,345.6,0,0,0,1,100,1,345.6,27.65,0,0,0,0,0,0,328.8,328.8,328.8,328.8,0,328.8,328.8,12,8,1,27477.79,27477.79,5,27.65,3198.204,103.37,6958.91458,182.61,11024.68396,261.86,15361.82882,345.6,20208.868,0,0,2,1.5,0.98,Thermal
ST NG 10,Bus105,106.25,0,0,0,1,100,1,106.25,8.5,0,0,0,0,0,0,106.2,106.2,106.2,106.2,0,106.2,106.2,12,8,1,8447.67,8447.67,5,8.5,1374.192,31.88,2556.891698,56.31,3863.026355,80.75,5316.020086,106.25,6972.961432,0,0,2,1.5,0.98,Thermal
ST Other 01,Bus24,4.6,0,0,0,1,100,1,4.6,2.07,0,0,0,0,0,0,3,3,3,3,0,3,3,6,6,1,365.73,365.73,4,2.07,492.66,2.79,671.3667576,3.88,955.7106867,4.6,1164.588951,0,0,0,0,2,1.5,0.98,Thermal
ST Other 02,Bus24,30.4,0,0,0,1,100,1,30.4,9.12,0,0,0,0,0,0,30.4,30.4,30.4,30.4,0,30.4,30.4,1,1,1,966.81,966.81,2,9.12,10263.75,30.4,12764.93736,0,0,0,0,0,0,0,0,2,1.5,1.91,Thermal
Solar 01,Bus15,0,0,0,0,1,100,1,746.76,0,0,0,0,0,0,0,0,0,0,0,0,0,0,8,4,0,0,0,0,0,0,0,0,0,0,0,0,0,0,0,0,2,1.5,0,Renewable
Solar 02,Bus15,0,0,0,0,1,100,1,369.26,0,0,0,0,0,0,0,0,0,0,0,0,0,0,8,4,0,0,0,0,0,0,0,0,0,0,0,0,0,0,0,0,2,1.5,0,Renewable
Solar 03,Bus15,0,0,0,0,1,100,1,264.47,0,0,0,0,0,0,0,0,0,0,0,0,0,0,12,8,0,0,0,0,0,0,0,0,0,0,0,0,0,0,0,0,2,1.5,0,Renewable
Solar 04,Bus15,0,0,0,0,1,100,1,4.85,0,0,0,0,0,0,0,0,0,0,0,0,0,0,6,6,0,0,0,0,0,0,0,0,0,0,0,0,0,0,0,0,2,1.5,0,Renewable
Solar 05,Bus15,0,0,0,0,1,100,1,0.12,0,0,0,0,0,0,0,0,0,0,0,0,0,0,8,4,0,0,0,0,0,0,0,0,0,0,0,0,0,0,0,0,2,1.5,0,Renewable
Solar 06,Bus15,0,0,0,0,1,100,1,6.33,0,0,0,0,0,0,0,0,0,0,0,0,0,0,6,6,0,0,0,0,0,0,0,0,0,0,0,0,0,0,0,0,2,1.5,0,Renewable
Solar 07,Bus15,0,0,0,0,1,100,1,0.21,0,0,0,0,0,0,0,0,0,0,0,0,0,0,6,6,0,0,0,0,0,0,0,0,0,0,0,0,0,0,0,0,2,1.5,0,Renewable
Solar 08,Bus15,0,0,0,0,1,100,1,2.51,0,0,0,0,0,0,0,0,0,0,0,0,0,0,8,4,0,0,0,0,0,0,0,0,0,0,0,0,0,0,0,0,2,1.5,0,Renewable
Solar 09,Bus15,0,0,0,0,1,100,1,12.85,0,0,0,0,0,0,0,0,0,0,0,0,0,0,8,4,0,0,0,0,0,0,0,0,0,0,0,0,0,0,0,0,2,1.5,0,Renewable
Solar 10,Bus15,0,0,0,0,1,100,1,9.71,0,0,0,0,0,0,0,0,0,0,0,0,0,0,8,4,0,0,0,0,0,0,0,0,0,0,0,0,0,0,0,0,2,1.5,0,Renewable
Solar 11,Bus15,0,0,0,0,1,100,1,1.98,0,0,0,0,0,0,0,0,0,0,0,0,0,0,8,6,0,0,0,0,0,0,0,0,0,0,0,0,0,0,0,0,2,1.5,0,Renewable
Solar 12,Bus15,0,0,0,0,1,100,1,1.54,0,0,0,0,0,0,0,0,0,0,0,0,0,0,8,4,0,0,0,0,0,0,0,0,0,0,0,0,0,0,0,0,2,1.5,0,Renewable
Solar 13,Bus15,0,0,0,0,1,100,1,0.26,0,0,0,0,0,0,0,0,0,0,0,0,0,0,2,2,0,0,0,0,0,0,0,0,0,0,0,0,0,0,0,0,2,1.5,0,Renewable
Solar 14,Bus15,0,0,0,0,1,100,1,11.71,0,0,0,0,0,0,0,0,0,0,0,0,0,0,8,4,0,0,0,0,0,0,0,0,0,0,0,0,0,0,0,0,2,1.5,0,Renewable
Solar 15,Bus15,0,0,0,0,1,100,1,10.53,0,0,0,0,0,0,0,0,0,0,0,0,0,0,8,4,0,0,0,0,0,0,0,0,0,0,0,0,0,0,0,0,2,1.5,0,Renewable
Solar 16,Bus15,0,0,0,0,1,100,1,6.6,0,0,0,0,0,0,0,0,0,0,0,0,0,0,8,4,0,0,0,0,0,0,0,0,0,0,0,0,0,0,0,0,2,1.5,0,Renewable
Solar 17,Bus15,0,0,0,0,1,100,1,3.01,0,0,0,0,0,0,0,0,0,0,0,0,0,0,8,4,0,0,0,0,0,0,0,0,0,0,0,0,0,0,0,0,2,1.5,0,Renewable
Solar 18,Bus15,0,0,0,0,1,100,1,12.35,0,0,0,0,0,0,0,0,0,0,0,0,0,0,2,2,0,0,0,0,0,0,0,0,0,0,0,0,0,0,0,0,2,1.5,0,Renewable
Solar 19,Bus15,0,0,0,0,1,100,1,0.1,0,0,0,0,0,0,0,0,0,0,0,0,0,0,8,4,0,0,0,0,0,0,0,0,0,0,0,0,0,0,0,0,2,1.5,0,Renewable
Solar 20,Bus15,0,0,0,0,1,100,1,10.08,0,0,0,0,0,0,0,0,0,0,0,0,0,0,8,4,0,0,0,0,0,0,0,0,0,0,0,0,0,0,0,0,2,1.5,0,Renewable
Solar 21,Bus15,0,0,0,0,1,100,1,18.42,0,0,0,0,0,0,0,0,0,0,0,0,0,0,8,4,0,0,0,0,0,0,0,0,0,0,0,0,0,0,0,0,2,1.5,0,Renewable
Solar 22,Bus15,0,0,0,0,1,100,1,8.98,0,0,0,0,0,0,0,0,0,0,0,0,0,0,8,4,0,0,0,0,0,0,0,0,0,0,0,0,0,0,0,0,2,1.5,0,Renewable
Solar 23,Bus18,0,0,0,0,1,100,1,0.29,0,0,0,0,0,0,0,0,0,0,0,0,0,0,8,4,0,0,0,0,0,0,0,0,0,0,0,0,0,0,0,0,2,1.5,0,Renewable
Solar 24,Bus18,0,0,0,0,1,100,1,1.45,0,0,0,0,0,0,0,0,0,0,0,0,0,0,8,6,0,0,0,0,0,0,0,0,0,0,0,0,0,0,0,0,2,1.5,0,Renewable
Solar 25,Bus18,0,0,0,0,1,100,1,1.94,0,0,0,0,0,0,0,0,0,0,0,0,0,0,8,4,0,0,0,0,0,0,0,0,0,0,0,0,0,0,0,0,2,1.5,0,Renewable
Solar 26,Bus18,0,0,0,0,1,100,1,1.8,0,0,0,0,0,0,0,0,0,0,0,0,0,0,2,2,0,0,0,0,0,0,0,0,0,0,0,0,0,0,0,0,2,1.5,0,Renewable
Solar 27,Bus18,0,0,0,0,1,100,1,1.13,0,0,0,0,0,0,0,0,0,0,0,0,0,0,8,8,0,0,0,0,0,0,0,0,0,0,0,0,0,0,0,0,2,1.5,0,Renewable
Solar 28,Bus18,0,0,0,0,1,100,1,8.03,0,0,0,0,0,0,0,0,0,0,0,0,0,0,8,4,0,0,0,0,0,0,0,0,0,0,0,0,0,0,0,0,2,1.5,0,Renewable
Solar 29,Bus18,0,0,0,0,1,100,1,8.63,0,0,0,0,0,0,0,0,0,0,0,0,0,0,8,4,0,0,0,0,0,0,0,0,0,0,0,0,0,0,0,0,2,1.5,0,Renewable
Solar 30,Bus19,0,0,0,0,1,100,1,4.5,0,0,0,0,0,0,0,0,0,0,0,0,0,0,8,4,0,0,0,0,0,0,0,0,0,0,0,0,0,0,0,0,2,1.5,0,Renewable
Solar 31,Bus19,0,0,0,0,1,100,1,116.03,0,0,0,0,0,0,0,0,0,0,0,0,0,0,8,4,0,0,0,0,0,0,0,0,0,0,0,0,0,0,0,0,2,1.5,0,Renewable
Solar 32,Bus24,0,0,0,0,1,100,1,173.97,0,0,0,0,0,0,0,0,0,0,0,0,0,0,12,8,0,0,0,0,0,0,0,0,0,0,0,0,0,0,0,0,2,1.5,0,Renewable
Solar 33,Bus24,0,0,0,0,1,100,1,132,0,0,0,0,0,0,0,0,0,0,0,0,0,0,12,8,0,0,0,0,0,0,0,0,0,0,0,0,0,0,0,0,2,1.5,0,Renewable
Solar 34,Bus24,0,0,0,0,1,100,1,125,0,0,0,0,0,0,0,0,0,0,0,0,0,0,12,8,0,0,0,0,0,0,0,0,0,0,0,0,0,0,0,0,2,1.5,0,Renewable
Solar 35,Bus24,0,0,0,0,1,100,1,45,0,0,0,0,0,0,0,0,0,0,0,0,0,0,12,8,0,0,0,0,0,0,0,0,0,0,0,0,0,0,0,0,2,1.5,0,Renewable
Solar 36,Bus24,0,0,0,0,1,100,1,128.9,0,0,0,0,0,0,0,0,0,0,0,0,0,0,12,8,0,0,0,0,0,0,0,0,0,0,0,0,0,0,0,0,2,1.5,0,Renewable
Solar 37,Bus27,0,0,0,0,1,100,1,26,0,0,0,0,0,0,0,0,0,0,0,0,0,0,2,2,0,0,0,0,0,0,0,0,0,0,0,0,0,0,0,0,2,1.5,0,Renewable
Solar 38,Bus27,0,0,0,0,1,100,1,20,0,0,0,0,0,0,0,0,0,0,0,0,0,0,1,1,0,0,0,0,0,0,0,0,0,0,0,0,0,0,0,0,2,1.5,0,Renewable
Solar 39,Bus27,0,0,0,0,1,100,1,1.75,0,0,0,0,0,0,0,0,0,0,0,0,0,0,1,1,0,0,0,0,0,0,0,0,0,0,0,0,0,0,0,0,2,1.5,0,Renewable
Solar 40,Bus27,0,0,0,0,1,100,1,1.75,0,0,0,0,0,0,0,0,0,0,0,0,0,0,1,1,0,0,0,0,0,0,0,0,0,0,0,0,0,0,0,0,2,1.5,0,Renewable
Solar 41,Bus27,0,0,0,0,1,100,1,1.75,0,0,0,0,0,0,0,0,0,0,0,0,0,0,1,1,0,0,0,0,0,0,0,0,0,0,0,0,0,0,0,0,2,1.5,0,Renewable
Solar 42,Bus27,0,0,0,0,1,100,1,1.75,0,0,0,0,0,0,0,0,0,0,0,0,0,0,1,1,0,0,0,0,0,0,0,0,0,0,0,0,0,0,0,0,2,1.5,0,Renewable
Solar 43,Bus31,0,0,0,0,1,100,1,1.75,0,0,0,0,0,0,0,0,0,0,0,0,0,0,1,1,0,0,0,0,0,0,0,0,0,0,0,0,0,0,0,0,2,1.5,0,Renewable
Solar 44,Bus31,0,0,0,0,1,100,1,1.75,0,0,0,0,0,0,0,0,0,0,0,0,0,0,1,1,0,0,0,0,0,0,0,0,0,0,0,0,0,0,0,0,2,1.5,0,Renewable
Solar 45,Bus32,0,0,0,0,1,100,1,1.75,0,0,0,0,0,0,0,0,0,0,0,0,0,0,2,2,0,0,0,0,0,0,0,0,0,0,0,0,0,0,0,0,2,1.5,0,Renewable
Solar 46,Bus32,0,0,0,0,1,100,1,1.75,0,0,0,0,0,0,0,0,0,0,0,0,0,0,1,1,0,0,0,0,0,0,0,0,0,0,0,0,0,0,0,0,2,1.5,0,Renewable
Solar 47,Bus32,0,0,0,0,1,100,1,1.75,0,0,0,0,0,0,0,0,0,0,0,0,0,0,1,1,0,0,0,0,0,0,0,0,0,0,0,0,0,0,0,0,2,1.5,0,Renewable
Solar 48,Bus34,0,0,0,0,1,100,1,1.75,0,0,0,0,0,0,0,0,0,0,0,0,0,0,1,1,0,0,0,0,0,0,0,0,0,0,0,0,0,0,0,0,2,1.5,0,Renewable
Solar 49,Bus34,0,0,0,0,1,100,1,1.1,0,0,0,0,0,0,0,0,0,0,0,0,0,0,1,1,0,0,0,0,0,0,0,0,0,0,0,0,0,0,0,0,2,1.5,0,Renewable
Solar 50,Bus34,0,0,0,0,1,100,1,4.69,0,0,0,0,0,0,0,0,0,0,0,0,0,0,1,1,0,0,0,0,0,0,0,0,0,0,0,0,0,0,0,0,2,1.5,0,Renewable
Solar 51,Bus34,0,0,0,0,1,100,1,15.65,0,0,0,0,0,0,0,0,0,0,0,0,0,0,1,1,0,0,0,0,0,0,0,0,0,0,0,0,0,0,0,0,2,1.5,0,Renewable
Solar 52,Bus34,0,0,0,0,1,100,1,10.64,0,0,0,0,0,0,0,0,0,0,0,0,0,0,2,2,0,0,0,0,0,0,0,0,0,0,0,0,0,0,0,0,2,1.5,0,Renewable
Solar 53,Bus34,0,0,0,0,1,100,1,16.09,0,0,0,0,0,0,0,0,0,0,0,0,0,0,1,1,0,0,0,0,0,0,0,0,0,0,0,0,0,0,0,0,2,1.5,0,Renewable
Solar 54,Bus34,0,0,0,0,1,100,1,9.2,0,0,0,0,0,0,0,0,0,0,0,0,0,0,2,2,0,0,0,0,0,0,0,0,0,0,0,0,0,0,0,0,2,1.5,0,Renewable
Solar 55,Bus36,0,0,0,0,1,100,1,20.01,0,0,0,0,0,0,0,0,0,0,0,0,0,0,1,1,0,0,0,0,0,0,0,0,0,0,0,0,0,0,0,0,2,1.5,0,Renewable
Solar 56,Bus42,0,0,0,0,1,100,1,20.07,0,0,0,0,0,0,0,0,0,0,0,0,0,0,1,1,0,0,0,0,0,0,0,0,0,0,0,0,0,0,0,0,2,1.5,0,Renewable
Solar 57,Bus46,0,0,0,0,1,100,1,6.84,0,0,0,0,0,0,0,0,0,0,0,0,0,0,1,1,0,0,0,0,0,0,0,0,0,0,0,0,0,0,0,0,2,1.5,0,Renewable
Solar 58,Bus49,0,0,0,0,1,100,1,8.01,0,0,0,0,0,0,0,0,0,0,0,0,0,0,1,1,0,0,0,0,0,0,0,0,0,0,0,0,0,0,0,0,2,1.5,0,Renewable
Solar 59,Bus54,0,0,0,0,1,100,1,12.42,0,0,0,0,0,0,0,0,0,0,0,0,0,0,2,2,0,0,0,0,0,0,0,0,0,0,0,0,0,0,0,0,2,1.5,0,Renewable
Solar 60,Bus55,0,0,0,0,1,100,1,15.89,0,0,0,0,0,0,0,0,0,0,0,0,0,0,2,2,0,0,0,0,0,0,0,0,0,0,0,0,0,0,0,0,2,1.5,0,Renewable
Solar 61,Bus56,0,0,0,0,1,100,1,1.97,0,0,0,0,0,0,0,0,0,0,0,0,0,0,8,8,0,0,0,0,0,0,0,0,0,0,0,0,0,0,0,0,2,1.5,0,Renewable
Solar 62,Bus56,0,0,0,0,1,100,1,99.9,0,0,0,0,0,0,0,0,0,0,0,0,0,0,8,8,0,0,0,0,0,0,0,0,0,0,0,0,0,0,0,0,2,1.5,0,Renewable
Solar 63,Bus59,0,0,0,0,1,100,1,60,0,0,0,0,0,0,0,0,0,0,0,0,0,0,2,2,0,0,0,0,0,0,0,0,0,0,0,0,0,0,0,0,2,1.5,0,Renewable
Solar 64,Bus59,0,0,0,0,1,100,1,21,0,0,0,0,0,0,0,0,0,0,0,0,0,0,2,2,0,0,0,0,0,0,0,0,0,0,0,0,0,0,0,0,2,1.5,0,Renewable
Solar 65,Bus59,0,0,0,0,1,100,1,64.8,0,0,0,0,0,0,0,0,0,0,0,0,0,0,2,2,0,0,0,0,0,0,0,0,0,0,0,0,0,0,0,0,2,1.5,0,Renewable
Solar 66,Bus61,0,0,0,0,1,100,1,123.5,0,0,0,0,0,0,0,0,0,0,0,0,0,0,2,2,0,0,0,0,0,0,0,0,0,0,0,0,0,0,0,0,2,1.5,0,Renewable
Solar 67,Bus61,0,0,0,0,1,100,1,40,0,0,0,0,0,0,0,0,0,0,0,0,0,0,2,2,0,0,0,0,0,0,0,0,0,0,0,0,0,0,0,0,2,1.5,0,Renewable
Solar 68,Bus61,0,0,0,0,1,100,1,96,0,0,0,0,0,0,0,0,0,0,0,0,0,0,2,2,0,0,0,0,0,0,0,0,0,0,0,0,0,0,0,0,2,1.5,0,Renewable
Solar 69,Bus62,0,0,0,0,1,100,1,123,0,0,0,0,0,0,0,0,0,0,0,0,0,0,2,2,0,0,0,0,0,0,0,0,0,0,0,0,0,0,0,0,2,1.5,0,Renewable
Solar 70,Bus65,0,0,0,0,1,100,1,150,0,0,0,0,0,0,0,0,0,0,0,0,0,0,2,2,0,0,0,0,0,0,0,0,0,0,0,0,0,0,0,0,2,1.5,0,Renewable
Solar 71,Bus66,0,0,0,0,1,100,1,104.99,0,0,0,0,0,0,0,0,0,0,0,0,0,0,2,2,0,0,0,0,0,0,0,0,0,0,0,0,0,0,0,0,2,1.5,0,Renewable
Solar 72,Bus69,0,0,0,0,1,100,1,25.2,0,0,0,0,0,0,0,0,0,0,0,0,0,0,2,2,0,0,0,0,0,0,0,0,0,0,0,0,0,0,0,0,2,1.5,0,Renewable
Solar 73,Bus69,0,0,0,0,1,100,1,25,0,0,0,0,0,0,0,0,0,0,0,0,0,0,2,2,0,0,0,0,0,0,0,0,0,0,0,0,0,0,0,0,2,1.5,0,Renewable
Solar 74,Bus69,0,0,0,0,1,100,1,25,0,0,0,0,0,0,0,0,0,0,0,0,0,0,2,2,0,0,0,0,0,0,0,0,0,0,0,0,0,0,0,0,2,1.5,0,Renewable
Solar 75,Bus69,0,0,0,0,1,100,1,30,0,0,0,0,0,0,0,0,0,0,0,0,0,0,2,2,0,0,0,0,0,0,0,0,0,0,0,0,0,0,0,0,2,1.5,0,Renewable
Wind 01,Bus69,0,0,0,0,1,100,1,11.5,0,0,0,0,0,0,0,0,0,0,0,0,0,0,1,1,0,0,0,0,0,0,0,0,0,0,0,0,0,0,0,0,2,1.5,0,Renewable
Wind 02,Bus69,0,0,0,0,1,100,1,38,0,0,0,0,0,0,0,0,0,0,0,0,0,0,5,3,0,0,0,0,0,0,0,0,0,0,0,0,0,0,0,0,2,1.5,0,Renewable
Wind 03,Bus76,0,0,0,0,1,100,1,10,0,0,0,0,0,0,0,0,0,0,0,0,0,0,5,3,0,0,0,0,0,0,0,0,0,0,0,0,0,0,0,0,2,1.5,0,Renewable
Wind 04,Bus76,0,0,0,0,1,100,1,5,0,0,0,0,0,0,0,0,0,0,0,0,0,0,5,3,0,0,0,0,0,0,0,0,0,0,0,0,0,0,0,0,2,1.5,0,Renewable
Wind 05,Bus76,0,0,0,0,1,100,1,1.1,0,0,0,0,0,0,0,0,0,0,0,0,0,0,0,0,0,0,0,0,0,0,0,0,0,0,0,0,0,0,0,0,2,1.5,0,Renewable
Wind 06,Bus77,0,0,0,0,1,100,1,24.1,0,0,0,0,0,0,0,0,0,0,0,0,0,0,0,0,0,0,0,0,0,0,0,0,0,0,0,0,0,0,0,0,2,1.5,0,Renewable
Wind 07,Bus77,0,0,0,0,1,100,1,16.6,0,0,0,0,0,0,0,0,0,0,0,0,0,0,0,0,0,0,0,0,0,0,0,0,0,0,0,0,0,0,0,0,2,1.5,0,Renewable
Wind 08,Bus80,0,0,0,0,1,100,1,16.6,0,0,0,0,0,0,0,0,0,0,0,0,0,0,0,0,0,0,0,0,0,0,0,0,0,0,0,0,0,0,0,0,2,1.5,0,Renewable
Wind 09,Bus80,0,0,0,0,1,100,1,16.6,0,0,0,0,0,0,0,0,0,0,0,0,0,0,0,0,0,0,0,0,0,0,0,0,0,0,0,0,0,0,0,0,2,1.5,0,Renewable
Wind 10,Bus80,0,0,0,0,1,100,1,16.6,0,0,0,0,0,0,0,0,0,0,0,0,0,0,0,0,0,0,0,0,0,0,0,0,0,0,0,0,0,0,0,0,2,1.5,0,Renewable
Wind 11,Bus80,0,0,0,0,1,100,1,16.6,0,0,0,0,0,0,0,0,0,0,0,0,0,0,0,0,0,0,0,0,0,0,0,0,0,0,0,0,0,0,0,0,2,1.5,0,Renewable
Wind 12,Bus82,0,0,0,0,1,100,1,97.5,0,0,0,0,0,0,0,0,0,0,0,0,0,0,0,0,0,0,0,0,0,0,0,0,0,0,0,0,0,0,0,0,2,1.5,0,Renewable
Wind 13,Bus82,0,0,0,0,1,100,1,58.7,0,0,0,0,0,0,0,0,0,0,0,0,0,0,0,0,0,0,0,0,0,0,0,0,0,0,0,0,0,0,0,0,2,1.5,0,Renewable
Wind 14,Bus82,0,0,0,0,1,100,1,400,0,0,0,0,0,0,0,0,0,0,0,0,0,0,0,0,0,0,0,0,0,0,0,0,0,0,0,0,0,0,0,0,2,1.5,0,Renewable
Wind 15,Bus92,0,0,0,0,1,100,1,50,0,0,0,0,0,0,0,0,0,0,0,0,0,0,0,0,0,0,0,0,0,0,0,0,0,0,0,0,0,0,0,0,2,1.5,0,Renewable
Wind 16,Bus92,0,0,0,0,1,100,1,149.5,0,0,0,0,0,0,0,0,0,0,0,0,0,0,0,0,0,0,0,0,0,0,0,0,0,0,0,0,0,0,0,0,2,1.5,0,Renewable
Wind 17,Bus99,0,0,0,0,1,100,1,149.5,0,0,0,0,0,0,0,0,0,0,0,0,0,0,0,0,0,0,0,0,0,0,0,0,0,0,0,0,0,0,0,0,2,1.5,0,Renewable
Hydro 01,Bus99,0,0,0,0,1,100,1,75,0,0,0,0,0,0,0,0,0,0,0,0,0,0,0,0,0,0,0,0,0,0,0,0,0,0,0,0,0,0,0,0,2,1.5,0,Hydro
Hydro 02,Bus99,0,0,0,0,1,100,1,75,0,0,0,0,0,0,0,0,0,0,0,0,0,0,0,0,0,0,0,0,0,0,0,0,0,0,0,0,0,0,0,0,2,1.5,0,Hydro
Hydro 03,Bus99,0,0,0,0,1,100,1,77,0,0,0,0,0,0,0,0,0,0,0,0,0,0,0,0,0,0,0,0,0,0,0,0,0,0,0,0,0,0,0,0,2,1.5,0,Hydro
Hydro 04,Bus100,0,0,0,0,1,100,1,77,0,0,0,0,0,0,0,0,0,0,0,0,0,0,0,0,0,0,0,0,0,0,0,0,0,0,0,0,0,0,0,0,2,1.5,0,Hydro
Hydro 05,Bus100,0,0,0,0,1,100,1,82,0,0,0,0,0,0,0,0,0,0,0,0,0,0,0,0,0,0,0,0,0,0,0,0,0,0,0,0,0,0,0,0,2,1.5,0,Hydro
Hydro 06,Bus104,0,0,0,0,1,100,1,47.1,0,0,0,0,0,0,0,0,0,0,0,0,0,0,0,0,0,0,0,0,0,0,0,0,0,0,0,0,0,0,0,0,2,1.5,0,Hydro
Hydro 07,Bus104,0,0,0,0,1,100,1,47.1,0,0,0,0,0,0,0,0,0,0,0,0,0,0,0,0,0,0,0,0,0,0,0,0,0,0,0,0,0,0,0,0,2,1.5,0,Hydro
Hydro 08,Bus104,0,0,0,0,1,100,1,47.1,0,0,0,0,0,0,0,0,0,0,0,0,0,0,0,0,0,0,0,0,0,0,0,0,0,0,0,0,0,0,0,0,2,1.5,0,Hydro
Hydro 09,Bus104,0,0,0,0,1,100,1,47.1,0,0,0,0,0,0,0,0,0,0,0,0,0,0,0,0,0,0,0,0,0,0,0,0,0,0,0,0,0,0,0,0,2,1.5,0,Hydro
Hydro 10,Bus105,0,0,0,0,1,100,1,47.1,0,0,0,0,0,0,0,0,0,0,0,0,0,0,0,0,0,0,0,0,0,0,0,0,0,0,0,0,0,0,0,0,2,1.5,0,Hydro
Hydro 11,Bus105,0,0,0,0,1,100,1,29.34,0,0,0,0,0,0,0,0,0,0,0,0,0,0,0,0,0,0,0,0,0,0,0,0,0,0,0,0,0,0,0,0,2,1.5,0,Hydro
Hydro 12,Bus105,0,0,0,0,1,100,1,29.34,0,0,0,0,0,0,0,0,0,0,0,0,0,0,0,0,0,0,0,0,0,0,0,0,0,0,0,0,0,0,0,0,2,1.5,0,Hydro
Hydro 13,Bus105,0,0,0,0,1,100,1,46.7,0,0,0,0,0,0,0,0,0,0,0,0,0,0,0,0,0,0,0,0,0,0,0,0,0,0,0,0,0,0,0,0,2,1.5,0,Hydro
Hydro 14,Bus105,0,0,0,0,1,100,1,87.61412113,0,0,0,0,0,0,0,0,0,0,0,0,0,0,0,0,0,0,0,0,0,0,0,0,0,0,0,0,0,0,0,0,2,1.5,0,Hydro
Hydro 15,Bus105,0,0,0,0,1,100,1,88.1929983,0,0,0,0,0,0,0,0,0,0,0,0,0,0,0,0,0,0,0,0,0,0,0,0,0,0,0,0,0,0,0,0,2,1.5,0,Hydro
Hydro 16,Bus110,0,0,0,0,1,100,1,0.1856,0,0,0,0,0,0,0,0,0,0,0,0,0,0,0,0,0,0,0,0,0,0,0,0,0,0,0,0,0,0,0,0,2,1.5,0,Hydro
Hydro 17,Bus110,0,0,0,0,1,100,1,0.3132,0,0,0,0,0,0,0,0,0,0,0,0,0,0,1,1,0,0,0,0,0,0,0,0,0,0,0,0,0,0,0,0,2,1.5,0,Hydro
Hydro 18,Bus112,0,0,0,0,1,100,1,1.0788,0,0,0,0,0,0,0,0,0,0,0,0,0,0,1,1,0,0,0,0,0,0,0,0,0,0,0,0,0,0,0,0,2,1.5,0,Hydro
Hydro 19,Bus112,0,0,0,0,1,100,1,7.3755,0,0,0,0,0,0,0,0,0,0,0,0,0,0,1,1,0,0,0,0,0,0,0,0,0,0,0,0,0,0,0,0,2,1.5,0,Hydro
Hydro 20,Bus112,0,0,0,0,1,100,1,29.3253,0,0,0,0,0,0,0,0,0,0,0,0,0,0,1,1,0,0,0,0,0,0,0,0,0,0,0,0,0,0,0,0,2,1.5,0,Hydro
Hydro 21,Bus112,0,0,0,0,1,100,1,29.3253,0,0,0,0,0,0,0,0,0,0,0,0,0,0,1,1,0,0,0,0,0,0,0,0,0,0,0,0,0,0,0,0,2,1.5,0,Hydro
Hydro 22,Bus112,0,0,0,0,1,100,1,29.3253,0,0,0,0,0,0,0,0,0,0,0,0,0,0,1,1,0,0,0,0,0,0,0,0,0,0,0,0,0,0,0,0,2,1.5,0,Hydro
Hydro 23,Bus112,0,0,0,0,1,100,1,0,0,0,0,0,0,0,0,0,0,0,0,0,0,0,1,1,0,0,0,0,0,0,0,0,0,0,0,0,0,0,0,0,2,1.5,0,Hydro
Hydro 24,Bus112,0,0,0,0,1,100,1,0,0,0,0,0,0,0,0,0,0,0,0,0,0,0,1,1,0,0,0,0,0,0,0,0,0,0,0,0,0,0,0,0,2,1.5,0,Hydro
Hydro 25,Bus112,0,0,0,0,1,100,1,9.048,0,0,0,0,0,0,0,0,0,0,0,0,0,0,1,1,0,0,0,0,0,0,0,0,0,0,0,0,0,0,0,0,2,1.5,0,Hydro
Hydro 26,Bus112,0,0,0,0,1,100,1,9.048,0,0,0,0,0,0,0,0,0,0,0,0,0,0,1,1,0,0,0,0,0,0,0,0,0,0,0,0,0,0,0,0,2,1.5,0,Hydro
Hydro 27,Bus112,0,0,0,0,1,100,1,9.048,0,0,0,0,0,0,0,0,0,0,0,0,0,0,1,1,0,0,0,0,0,0,0,0,0,0,0,0,0,0,0,0,2,1.5,0,Hydro
Hydro 28,Bus112,0,0,0,0,1,100,1,0,0,0,0,0,0,0,0,0,0,0,0,0,0,0,1,1,0,0,0,0,0,0,0,0,0,0,0,0,0,0,0,0,2,1.5,0,Hydro
Hydro 29,Bus112,0,0,0,0,1,100,1,0,0,0,0,0,0,0,0,0,0,0,0,0,0,0,1,1,0,0,0,0,0,0,0,0,0,0,0,0,0,0,0,0,2,1.5,0,Hydro
Hydro 30,Bus112,0,0,0,0,1,100,1,0.0232,0,0,0,0,0,0,0,0,0,0,0,0,0,0,1,1,0,0,0,0,0,0,0,0,0,0,0,0,0,0,0,0,2,1.5,0,Hydro
Hydro 31,Bus112,0,0,0,0,1,100,1,0,0,0,0,0,0,0,0,0,0,0,0,0,0,0,1,1,0,0,0,0,0,0,0,0,0,0,0,0,0,0,0,0,2,1.5,0,Hydro
Hydro 32,Bus112,0,0,0,0,1,100,1,0.11136,0,0,0,0,0,0,0,0,0,0,0,0,0,0,1,1,0,0,0,0,0,0,0,0,0,0,0,0,0,0,0,0,2,1.5,0,Hydro
Hydro 33,Bus112,0,0,0,0,1,100,1,38.3679,0,0,0,0,0,0,0,0,0,0,0,0,0,0,1,1,0,0,0,0,0,0,0,0,0,0,0,0,0,0,0,0,2,1.5,0,Hydro
Hydro 34,Bus112,0,0,0,0,1,100,1,38.3679,0,0,0,0,0,0,0,0,0,0,0,0,0,0,1,1,0,0,0,0,0,0,0,0,0,0,0,0,0,0,0,0,2,1.5,0,Hydro
Hydro 35,Bus112,0,0,0,0,1,100,1,0.05568,0,0,0,0,0,0,0,0,0,0,0,0,0,0,1,1,0,0,0,0,0,0,0,0,0,0,0,0,0,0,0,0,2,1.5,0,Hydro
Hydro 36,Bus112,0,0,0,0,1,100,1,0.51,0,0,0,0,0,0,0,0,0,0,0,0,0,0,1,1,0,0,0,0,0,0,0,0,0,0,0,0,0,0,0,0,2,1.5,0,Hydro
Hydro 37,Bus112,0,0,0,0,1,100,1,2.23,0,0,0,0,0,0,0,0,0,0,0,0,0,0,1,1,0,0,0,0,0,0,0,0,0,0,0,0,0,0,0,0,2,1.5,0,Hydro
Hydro 38,Bus112,0,0,0,0,1,100,1,0,0,0,0,0,0,0,0,0,0,0,0,0,0,0,1,1,0,0,0,0,0,0,0,0,0,0,0,0,0,0,0,0,2,1.5,0,Hydro
Hydro 39,Bus112,0,0,0,0,1,100,1,0,0,0,0,0,0,0,0,0,0,0,0,0,0,0,1,1,0,0,0,0,0,0,0,0,0,0,0,0,0,0,0,0,2,1.5,0,Hydro
Hydro 40,Bus112,0,0,0,0,1,100,1,4.8875,0,0,0,0,0,0,0,0,0,0,0,0,0,0,1,1,0,0,0,0,0,0,0,0,0,0,0,0,0,0,0,0,2,1.5,0,Hydro
Hydro 41,Bus112,0,0,0,0,1,100,1,2.633876,0,0,0,0,0,0,0,0,0,0,0,0,0,0,1,1,0,0,0,0,0,0,0,0,0,0,0,0,0,0,0,0,2,1.5,0,Hydro
Hydro 42,Bus116,0,0,0,0,1,100,1,2.633876,0,0,0,0,0,0,0,0,0,0,0,0,0,0,1,1,0,0,0,0,0,0,0,0,0,0,0,0,0,0,0,0,2,1.5,0,Hydro
Hydro 43,Bus116,0,0,0,0,1,100,1,10.3275,0,0,0,0,0,0,0,0,0,0,0,0,0,0,1,1,0,0,0,0,0,0,0,0,0,0,0,0,0,0,0,0,2,1.5,0,Hydro
